use GoGo
--seed data for Roles
insert into Roles values ('Administrator', GETDATE(), GETDATE(), 0)
insert into Roles values ('Agent', GETDATE(), GETDATE(), 0)
insert into Roles values  ('Customer', GETDATE(), GETDATE(), 0)

--seed data for Users
insert into Users(Username,Password,Fullname,PhoneNumber,Email,DateOfBirth,Address,Point,LastCreatedDate,LastModifiedDate,IsDeleted)
  values ('Admin','123456','Admin','0912010201','admin@test','1/1/1997','admin server',0,GETDATE(),GETDATE(),1)

--seed data for City and District

insert into City(CityName,LastCreatedDate,LastModifiedDate,IsDeleted) values (N'TP Hồ Chí Minh',GETDATE(),GETDATE(),0)
insert into City(CityName,LastCreatedDate,LastModifiedDate,IsDeleted) values (N'Long An',GETDATE(),GETDATE(),0)
insert into City(CityName,LastCreatedDate,LastModifiedDate,IsDeleted) values (N'Đồng Tháp',GETDATE(),GETDATE(),0)
insert into City(CityName,LastCreatedDate,LastModifiedDate,IsDeleted) values (N'Tiền Giang',GETDATE(),GETDATE(),0)
insert into City(CityName,LastCreatedDate,LastModifiedDate,IsDeleted) values (N'Bến Tre',GETDATE(),GETDATE(),0)
insert into City(CityName,LastCreatedDate,LastModifiedDate,IsDeleted) values (N'Trà Vinh',GETDATE(),GETDATE(),0)
insert into City(CityName,LastCreatedDate,LastModifiedDate,IsDeleted) values (N'Vĩnh Long',GETDATE(),GETDATE(),0)
insert into City(CityName,LastCreatedDate,LastModifiedDate,IsDeleted) values (N'Hậu Giang',GETDATE(),GETDATE(),0)
insert into City(CityName,LastCreatedDate,LastModifiedDate,IsDeleted) values (N'Cần thơ',GETDATE(),GETDATE(),0)

insert into District(DistrictName,CityId,LastCreatedDate, LastModifiedDate, IsDeleted) values (N'Gò Vấp',1,GETDATE(),GETDATE(),0)
insert into District(DistrictName,CityId,LastCreatedDate, LastModifiedDate, IsDeleted) values (N'Bình Tân',1,GETDATE(),GETDATE(),0)
insert into District(DistrictName,CityId,LastCreatedDate, LastModifiedDate, IsDeleted) values (N'Phú Nhuận',1,GETDATE(),GETDATE(),0)
insert into District(DistrictName,CityId,LastCreatedDate, LastModifiedDate, IsDeleted) values (N'Thủ Đức',1,GETDATE(),GETDATE(),0)
insert into District(DistrictName,CityId,LastCreatedDate, LastModifiedDate, IsDeleted) values (N'Tân Bình',1,GETDATE(),GETDATE(),0)
insert into District(DistrictName,CityId,LastCreatedDate, LastModifiedDate, IsDeleted) values (N'Tân Phú',1,GETDATE(),GETDATE(),0)
insert into District(DistrictName,CityId,LastCreatedDate, LastModifiedDate, IsDeleted) values (N'Bình Chánh',1,GETDATE(),GETDATE(),0)
insert into District(DistrictName,CityId,LastCreatedDate, LastModifiedDate, IsDeleted) values (N'1',1,GETDATE(),GETDATE(),0)
insert into District(DistrictName,CityId,LastCreatedDate, LastModifiedDate, IsDeleted) values (N'2',1,GETDATE(),GETDATE(),0)
insert into District(DistrictName,CityId,LastCreatedDate, LastModifiedDate, IsDeleted) values (N'3',1,GETDATE(),GETDATE(),0)
insert into District(DistrictName,CityId,LastCreatedDate, LastModifiedDate, IsDeleted) values (N'4',1,GETDATE(),GETDATE(),0)
insert into District(DistrictName,CityId,LastCreatedDate, LastModifiedDate, IsDeleted) values (N'5',1,GETDATE(),GETDATE(),0)
insert into District(DistrictName,CityId,LastCreatedDate, LastModifiedDate, IsDeleted) values (N'6',1,GETDATE(),GETDATE(),0)
insert into District(DistrictName,CityId,LastCreatedDate, LastModifiedDate, IsDeleted) values (N'7',1,GETDATE(),GETDATE(),0)
insert into District(DistrictName,CityId,LastCreatedDate, LastModifiedDate, IsDeleted) values (N'8',1,GETDATE(),GETDATE(),0)
insert into District(DistrictName,CityId,LastCreatedDate, LastModifiedDate, IsDeleted) values (N'9',1,GETDATE(),GETDATE(),0)
insert into District(DistrictName,CityId,LastCreatedDate, LastModifiedDate, IsDeleted) values (N'10',1,GETDATE(),GETDATE(),0)
insert into District(DistrictName,CityId,LastCreatedDate, LastModifiedDate, IsDeleted) values (N'11',1,GETDATE(),GETDATE(),0)
insert into District(DistrictName,CityId,LastCreatedDate, LastModifiedDate, IsDeleted) values (N'12',1,GETDATE(),GETDATE(),0)

insert into District(DistrictName,CityId,LastCreatedDate, LastModifiedDate, IsDeleted) values (N'Đức Huệ',2,GETDATE(),GETDATE(),0)
insert into District(DistrictName,CityId,LastCreatedDate, LastModifiedDate, IsDeleted) values (N'Đức Hòa',2,GETDATE(),GETDATE(),0)
insert into District(DistrictName,CityId,LastCreatedDate, LastModifiedDate, IsDeleted) values (N'Châu Thành',2,GETDATE(),GETDATE(),0)
insert into District(DistrictName,CityId,LastCreatedDate, LastModifiedDate, IsDeleted) values (N'Mộc Hóa',2,GETDATE(),GETDATE(),0)
insert into District(DistrictName,CityId,LastCreatedDate, LastModifiedDate, IsDeleted) values (N'Bến Lức',2,GETDATE(),GETDATE(),0)

insert into District(DistrictName,CityId,LastCreatedDate, LastModifiedDate, IsDeleted) values (N'Cao Lãnh',3,GETDATE(),GETDATE(),0)
insert into District(DistrictName,CityId,LastCreatedDate, LastModifiedDate, IsDeleted) values (N'Hồng Ngự',3,GETDATE(),GETDATE(),0)
insert into District(DistrictName,CityId,LastCreatedDate, LastModifiedDate, IsDeleted) values (N'Châu Thành',3,GETDATE(),GETDATE(),0)
insert into District(DistrictName,CityId,LastCreatedDate, LastModifiedDate, IsDeleted) values (N'Lai Vung',3,GETDATE(),GETDATE(),0)

insert into District(DistrictName,CityId,LastCreatedDate, LastModifiedDate, IsDeleted) values (N'Cai Lậy',4,GETDATE(),GETDATE(),0)
insert into District(DistrictName,CityId,LastCreatedDate, LastModifiedDate, IsDeleted) values (N'Cái Bè',4,GETDATE(),GETDATE(),0)
insert into District(DistrictName,CityId,LastCreatedDate, LastModifiedDate, IsDeleted) values (N'Châu Thành',4,GETDATE(),GETDATE(),0)
insert into District(DistrictName,CityId,LastCreatedDate, LastModifiedDate, IsDeleted) values (N'Chợ Gạo',4,GETDATE(),GETDATE(),0)
insert into District(DistrictName,CityId,LastCreatedDate, LastModifiedDate, IsDeleted) values (N'Gò Công',4,GETDATE(),GETDATE(),0)
insert into District(DistrictName,CityId,LastCreatedDate, LastModifiedDate, IsDeleted) values (N'Mỹ Tho',4,GETDATE(),GETDATE(),0)

--seed data for Station

insert into Station (StationName,Latitude, Longitude,DistrictId,Address,LastCreatedDate,LastModifiedDate,IsDeleted)
values (N'Đức Huệ',10.898775, 106.309869,20,N'129 Đường 838,Đông Thành',GETDATE(),GETDATE(),0)
insert into Station (StationName,Latitude, Longitude,DistrictId,Address,LastCreatedDate,LastModifiedDate,IsDeleted)
values (N'Đức Hòa',10.818744, 106.453520,21,N'Đức Hòa',GETDATE(),GETDATE(),0)
insert into Station (StationName,Latitude, Longitude,DistrictId,Address,LastCreatedDate,LastModifiedDate,IsDeleted)
values (N'Cao Lãnh',10.456137, 105.638024,25,N'71/1 Lý Thường Kiệt, Phường 2',GETDATE(),GETDATE(),0)
insert into Station (StationName,Latitude, Longitude,DistrictId,Address,LastCreatedDate,LastModifiedDate,IsDeleted)
values (N'Hồng Ngự',10.803167, 105.341794,26,N'Phường An Lộc',GETDATE(),GETDATE(),0)
insert into Station (StationName,Latitude, Longitude,DistrictId,Address,LastCreatedDate,LastModifiedDate,IsDeleted)
values (N'Châu Thành',10.812025, 105.343910,27,N'Phú Mỹ Hiệp Tt Cái Tàu Hạ',GETDATE(),GETDATE(),0)
insert into Station (StationName,Latitude, Longitude,DistrictId,Address,LastCreatedDate,LastModifiedDate,IsDeleted)
values (N'Gò Công',10.360482, 106.661432,33,N'Trần Công Tường, Long Chánh',GETDATE(),GETDATE(),0)
insert into Station (StationName,Latitude, Longitude,DistrictId,Address,LastCreatedDate,LastModifiedDate,IsDeleted)
values (N'Tiền Giang',10.373603, 106.346422,34,N'42 Ấp Bắc, Phường 10',GETDATE(),GETDATE(),0)
insert into Station (StationName,Latitude, Longitude,DistrictId,Address,LastCreatedDate,LastModifiedDate,IsDeleted)
values (N'Miền Tây',10.742637, 106.618930,2,N'An Lạc',GETDATE(),GETDATE(),0)

insert into Station (StationName,Latitude, Longitude,DistrictId,Address,LastCreatedDate,LastModifiedDate,IsDeleted)
values (N'Quận 8',10.734924, 106.656309,2,N'phường 3',GETDATE(),GETDATE(),0)
insert into Station (StationName,Latitude, Longitude,DistrictId,Address,LastCreatedDate,LastModifiedDate,IsDeleted)
values (N'Chợ Lớn',10.753394, 106.652532,12,N'phường 2',GETDATE(),GETDATE(),0)

--seed data for Agent

insert into Agent (AgentName,Address,PhoneNumber,Owner,Rate,LastCreatedDate,LastModifiedDate,IsDeleted)
values (N'PHƯƠNG TRANG',N'Số 80 Trần Hưng Đạo, Quận 1, TP. Hồ Chí Minh','38386852',1,5,GETDATE(),GETDATE(),0)
insert into Agent (AgentName,Address,PhoneNumber,Owner,Rate,LastCreatedDate,LastModifiedDate,IsDeleted)
values (N'TIẾN OANH',N'42/1 Nguyễn Đình Khơi, Phường 4, Tân Bình, TP.HCM','38110779',1,5,GETDATE(),GETDATE(),0)
insert into Agent (AgentName,Address,PhoneNumber,Owner,Rate,LastCreatedDate,LastModifiedDate,IsDeleted)
values (N'TIỀN GIANG',N'12 Ấp Bắc, phường 4, Mỹ Tho, Tiền Giang','0733872750',1,5,GETDATE(),GETDATE(),0)
insert into Agent (AgentName,Address,PhoneNumber,Owner,Rate,LastCreatedDate,LastModifiedDate,IsDeleted)
values (N'MAI LINH EXPRESS',N'292 Đinh Bộ Lĩnh, P.26, Quận Bình Thạnh, TP HCM','0985292929',1,5,GETDATE(),GETDATE(),0)

insert into Agent (AgentName,Address,PhoneNumber,Owner,Rate,LastCreatedDate,LastModifiedDate,IsDeleted)
values (N'THÀNH BƯỞI',N'266-268 Lê Hồng Phong, Phường 4, Quận 5, TP.HCM','38306306',1,5,GETDATE(),GETDATE(),0)
insert into Agent (AgentName,Address,PhoneNumber,Owner,Rate,LastCreatedDate,LastModifiedDate,IsDeleted)
values (N'LOVABUS',N'8C-Chữ Đồng Tử, P.7, Tân Bình, TP. Hồ Chí Minh','0932137830 ',1,5,GETDATE(),GETDATE(),0)
insert into Agent (AgentName,Address,PhoneNumber,Owner,Rate,LastCreatedDate,LastModifiedDate,IsDeleted)
values (N'QUANG THẮNG',N'22A Lê Văn Thọ , P.11 Gò Vấp , Hồ Chí Minh','0918030702',1,5,GETDATE(),GETDATE(),0)
insert into Agent (AgentName,Address,PhoneNumber,Owner,Rate,LastCreatedDate,LastModifiedDate,IsDeleted)
values (N'9 LAN',N'Phòng 10 Bến xe Miền Đông, Thành phố Hồ Chí Minh','0909103259',1,5,GETDATE(),GETDATE(),0)
insert into Agent (AgentName,Address,PhoneNumber,Owner,Rate,LastCreatedDate,LastModifiedDate,IsDeleted)
values (N'THẾ LONG',N'154/52 đường 41, Quận 8, Tp Hồ Chí Minh','0907633996',1,5,GETDATE(),GETDATE(),0)
insert into Agent (AgentName,Address,PhoneNumber,Owner,Rate,LastCreatedDate,LastModifiedDate,IsDeleted)
values (N'NĂM HIỀN',N'Số 278 Lý Thường Kiệt, P.6, TP Cà Mau','0919449119',1,5,GETDATE(),GETDATE(),0)
insert into Agent (AgentName,Address,PhoneNumber,Owner,Rate,LastCreatedDate,LastModifiedDate,IsDeleted)
values (N'TÂM HỒNG',N'9E Trần Ngọc Quế, Quận Ninh Kiều, TP. Cần Thơ','23838191',1,5,GETDATE(),GETDATE(),0)

--seed data for VehicleType
insert into VehicleType(VehicleName,Seat,LastCreatedDate,LastModifiedDate,IsDeleted)
values (N'16 chỗ',16,GETDATE(),GETDATE(),0)
insert into VehicleType(VehicleName,Seat,LastCreatedDate,LastModifiedDate,IsDeleted)
values (N'29 chỗ',29,GETDATE(),GETDATE(),0)
insert into VehicleType(VehicleName,Seat,LastCreatedDate,LastModifiedDate,IsDeleted)
values (N'34 chỗ',34,GETDATE(),GETDATE(),0)
insert into VehicleType(VehicleName,Seat,LastCreatedDate,LastModifiedDate,IsDeleted)
values (N'46 chỗ',46,GETDATE(),GETDATE(),0)
insert into VehicleType(VehicleName,Seat,LastCreatedDate,LastModifiedDate,IsDeleted)
values (N'Giường nằm',60,GETDATE(),GETDATE(),0)

--seed data for Vehicle
insert into Vehicle(VehicleLicense,VehicleBrand,VehicleTypeId,AgentId,LastCreatedDate,LastModifiedDate,IsDeleted)
values ('50X-0001','Ford Transit',1,1,GETDATE(),GETDATE(),0)
insert into Vehicle(VehicleLicense,VehicleBrand,VehicleTypeId,AgentId,LastCreatedDate,LastModifiedDate,IsDeleted)
values ('50X-0002','Mercedes-Benz ',1,1,GETDATE(),GETDATE(),0)
insert into Vehicle(VehicleLicense,VehicleBrand,VehicleTypeId,AgentId,LastCreatedDate,LastModifiedDate,IsDeleted)
values ('50X-0003','Sprinter',1,1,GETDATE(),GETDATE(),0)
insert into Vehicle(VehicleLicense,VehicleBrand,VehicleTypeId,AgentId,LastCreatedDate,LastModifiedDate,IsDeleted)
values ('50X-0004','Toyota HiAce',1,1,GETDATE(),GETDATE(),0)
insert into Vehicle(VehicleLicense,VehicleBrand,VehicleTypeId,AgentId,LastCreatedDate,LastModifiedDate,IsDeleted)
values ('50X-0005','Ford Transit',1,1,GETDATE(),GETDATE(),0)
insert into Vehicle(VehicleLicense,VehicleBrand,VehicleTypeId,AgentId,LastCreatedDate,LastModifiedDate,IsDeleted)
values ('50X-0006','Thaco Universe',2,1,GETDATE(),GETDATE(),0)
insert into Vehicle(VehicleLicense,VehicleBrand,VehicleTypeId,AgentId,LastCreatedDate,LastModifiedDate,IsDeleted)
values ('50X-0007','Daewoo Lestar',2,1,GETDATE(),GETDATE(),0)
insert into Vehicle(VehicleLicense,VehicleBrand,VehicleTypeId,AgentId,LastCreatedDate,LastModifiedDate,IsDeleted)
values ('50X-0008','Samco Hino',2,1,GETDATE(),GETDATE(),0)
insert into Vehicle(VehicleLicense,VehicleBrand,VehicleTypeId,AgentId,LastCreatedDate,LastModifiedDate,IsDeleted)
values ('50X-0009','Samco Felix',2,1,GETDATE(),GETDATE(),0)
insert into Vehicle(VehicleLicense,VehicleBrand,VehicleTypeId,AgentId,LastCreatedDate,LastModifiedDate,IsDeleted)
values ('50X-0010',' Thaco Universe',3,1,GETDATE(),GETDATE(),0)
insert into Vehicle(VehicleLicense,VehicleBrand,VehicleTypeId,AgentId,LastCreatedDate,LastModifiedDate,IsDeleted)
values ('50X-0011','Thaco Town TB82S',3,1,GETDATE(),GETDATE(),0)
insert into Vehicle(VehicleLicense,VehicleBrand,VehicleTypeId,AgentId,LastCreatedDate,LastModifiedDate,IsDeleted)
values ('50X-0012','Hyundai Global K34',3,1,GETDATE(),GETDATE(),0)
insert into Vehicle(VehicleLicense,VehicleBrand,VehicleTypeId,AgentId,LastCreatedDate,LastModifiedDate,IsDeleted)
values ('50X-0013','Hyundai Tracomeco',4,1,GETDATE(),GETDATE(),0)
insert into Vehicle(VehicleLicense,VehicleBrand,VehicleTypeId,AgentId,LastCreatedDate,LastModifiedDate,IsDeleted)
values ('50X-0014','Thaco Mobihome',4,1,GETDATE(),GETDATE(),0)
insert into Vehicle(VehicleLicense,VehicleBrand,VehicleTypeId,AgentId,LastCreatedDate,LastModifiedDate,IsDeleted)
values ('50X-0015','Samco Hino',4,1,GETDATE(),GETDATE(),0)
insert into Vehicle(VehicleLicense,VehicleBrand,VehicleTypeId,AgentId,LastCreatedDate,LastModifiedDate,IsDeleted)
values ('50X-0016','Transinco',4,1,GETDATE(),GETDATE(),0)
insert into Vehicle(VehicleLicense,VehicleBrand,VehicleTypeId,AgentId,LastCreatedDate,LastModifiedDate,IsDeleted)
values ('50X-0017','Hyundai Tracomeco Universe',5,1,GETDATE(),GETDATE(),0)
insert into Vehicle(VehicleLicense,VehicleBrand,VehicleTypeId,AgentId,LastCreatedDate,LastModifiedDate,IsDeleted)
values ('50X-0018','Thaco Mobihome',5,1,GETDATE(),GETDATE(),0)
insert into Vehicle(VehicleLicense,VehicleBrand,VehicleTypeId,AgentId,LastCreatedDate,LastModifiedDate,IsDeleted)
values ('50X-0019','Hyundai Tracomeco Universe',5,1,GETDATE(),GETDATE(),0)
insert into Vehicle(VehicleLicense,VehicleBrand,VehicleTypeId,AgentId,LastCreatedDate,LastModifiedDate,IsDeleted)
values ('50X-0020','Thaco Mobihome',5,1,GETDATE(),GETDATE(),0)
insert into Vehicle(VehicleLicense,VehicleBrand,VehicleTypeId,AgentId,LastCreatedDate,LastModifiedDate,IsDeleted)
values ('50X-0021','Hyundai Tracomeco Universe',5,1,GETDATE(),GETDATE(),0)
insert into Vehicle(VehicleLicense,VehicleBrand,VehicleTypeId,AgentId,LastCreatedDate,LastModifiedDate,IsDeleted)
values ('50X-0022','Thaco Mobihome',5,1,GETDATE(),GETDATE(),0)
insert into Vehicle(VehicleLicense,VehicleBrand,VehicleTypeId,AgentId,LastCreatedDate,LastModifiedDate,IsDeleted)
values ('50X-0023','Hyundai Tracomeco Universe',5,1,GETDATE(),GETDATE(),0)
insert into Vehicle(VehicleLicense,VehicleBrand,VehicleTypeId,AgentId,LastCreatedDate,LastModifiedDate,IsDeleted)
values ('50X-0024','Thaco Mobihome',5,1,GETDATE(),GETDATE(),0)

--seed data for Trip

insert into Trip(VehicleId,OriginCity,DestinationCity,EstStartTime,EstEndTime,Status,LastCreatedDate,LastModifiedDate,IsDeleted)
values (1,1,4,'06:00','07:30',0,GETDATE(),GETDATE(),0)
insert into Trip(VehicleId,OriginCity,DestinationCity,EstStartTime,EstEndTime,Status,LastCreatedDate,LastModifiedDate,IsDeleted)
values (2,1,4,'07:00','08:30',0,GETDATE(),GETDATE(),0)
insert into Trip(VehicleId,OriginCity,DestinationCity,EstStartTime,EstEndTime,Status,LastCreatedDate,LastModifiedDate,IsDeleted)
values (3,1,4,'08:00','09:30',0,GETDATE(),GETDATE(),0)
insert into Trip(VehicleId,OriginCity,DestinationCity,EstStartTime,EstEndTime,Status,LastCreatedDate,LastModifiedDate,IsDeleted)
values (4,1,4,'09:00','10:30',0,GETDATE(),GETDATE(),0)
insert into Trip(VehicleId,OriginCity,DestinationCity,EstStartTime,EstEndTime,Status,LastCreatedDate,LastModifiedDate,IsDeleted)
values (5,1,4,'06:00','07:10',0,GETDATE(),GETDATE(),0)
insert into Trip(VehicleId,OriginCity,DestinationCity,EstStartTime,EstEndTime,Status,LastCreatedDate,LastModifiedDate,IsDeleted)
values (6,1,4,'07:00','08:10',0,GETDATE(),GETDATE(),0)
insert into Trip(VehicleId,OriginCity,DestinationCity,EstStartTime,EstEndTime,Status,LastCreatedDate,LastModifiedDate,IsDeleted)
values (7,1,4,'08:00','09:10',0,GETDATE(),GETDATE(),0)
insert into Trip(VehicleId,OriginCity,DestinationCity,EstStartTime,EstEndTime,Status,LastCreatedDate,LastModifiedDate,IsDeleted)
values (8,1,4,'09:00','10:10',0,GETDATE(),GETDATE(),0)
insert into Trip(VehicleId,OriginCity,DestinationCity,EstStartTime,EstEndTime,Status,LastCreatedDate,LastModifiedDate,IsDeleted)
values (9,1,3,'06:00','09:15',0,GETDATE(),GETDATE(),0)
insert into Trip(VehicleId,OriginCity,DestinationCity,EstStartTime,EstEndTime,Status,LastCreatedDate,LastModifiedDate,IsDeleted)
values (10,1,3,'07:00','10:15',0,GETDATE(),GETDATE(),0)
insert into Trip(VehicleId,OriginCity,DestinationCity,EstStartTime,EstEndTime,Status,LastCreatedDate,LastModifiedDate,IsDeleted)
values (11,1,3,'08:00','11:15',0,GETDATE(),GETDATE(),0)
insert into Trip(VehicleId,OriginCity,DestinationCity,EstStartTime,EstEndTime,Status,LastCreatedDate,LastModifiedDate,IsDeleted)
values (12,1,3,'09:00','12:15',0,GETDATE(),GETDATE(),0)
insert into Trip(VehicleId,OriginCity,DestinationCity,EstStartTime,EstEndTime,Status,LastCreatedDate,LastModifiedDate,IsDeleted)
values (13,1,3,'06:00','10:00',0,GETDATE(),GETDATE(),0)
insert into Trip(VehicleId,OriginCity,DestinationCity,EstStartTime,EstEndTime,Status,LastCreatedDate,LastModifiedDate,IsDeleted)
values (14,1,3,'07:00','11:00',0,GETDATE(),GETDATE(),0)
insert into Trip(VehicleId,OriginCity,DestinationCity,EstStartTime,EstEndTime,Status,LastCreatedDate,LastModifiedDate,IsDeleted)
values (15,1,3,'08:00','12:00',0,GETDATE(),GETDATE(),0)
insert into Trip(VehicleId,OriginCity,DestinationCity,EstStartTime,EstEndTime,Status,LastCreatedDate,LastModifiedDate,IsDeleted)
values (16,1,3,'09:00','13:00',0,GETDATE(),GETDATE(),0)

--seed data for TripStation

insert into TripStation (TripId,StationId,Priority,EstArrival,LastCreatedDate,LastModifiedDate,IsDeleted)
values(1,8,1,GETDATE(),GETDATE(),GETDATE(),0)
insert into TripStation (TripId,StationId,Priority,EstArrival,LastCreatedDate,LastModifiedDate,IsDeleted)
values(1,6,2,GETDATE(),GETDATE(),GETDATE(),0)
insert into TripStation (TripId,StationId,Priority,EstArrival,LastCreatedDate,LastModifiedDate,IsDeleted)
values(2,8,1,GETDATE(),GETDATE(),GETDATE(),0)
insert into TripStation (TripId,StationId,Priority,EstArrival,LastCreatedDate,LastModifiedDate,IsDeleted)
values(2,6,2,GETDATE(),GETDATE(),GETDATE(),0)
insert into TripStation (TripId,StationId,Priority,EstArrival,LastCreatedDate,LastModifiedDate,IsDeleted)
values(3,10,1,GETDATE(),GETDATE(),GETDATE(),0)
insert into TripStation (TripId,StationId,Priority,EstArrival,LastCreatedDate,LastModifiedDate,IsDeleted)
values(3,6,2,GETDATE(),GETDATE(),GETDATE(),0)
insert into TripStation (TripId,StationId,Priority,EstArrival,LastCreatedDate,LastModifiedDate,IsDeleted)
values(4,10,1,GETDATE(),GETDATE(),GETDATE(),0)
insert into TripStation (TripId,StationId,Priority,EstArrival,LastCreatedDate,LastModifiedDate,IsDeleted)
values(4,6,2,GETDATE(),GETDATE(),GETDATE(),0)
insert into TripStation (TripId,StationId,Priority,EstArrival,LastCreatedDate,LastModifiedDate,IsDeleted)
values(5,8,1,GETDATE(),GETDATE(),GETDATE(),0)
insert into TripStation (TripId,StationId,Priority,EstArrival,LastCreatedDate,LastModifiedDate,IsDeleted)
values(5,7,2,GETDATE(),GETDATE(),GETDATE(),0)
insert into TripStation (TripId,StationId,Priority,EstArrival,LastCreatedDate,LastModifiedDate,IsDeleted)
values(6,8,1,GETDATE(),GETDATE(),GETDATE(),0)
insert into TripStation (TripId,StationId,Priority,EstArrival,LastCreatedDate,LastModifiedDate,IsDeleted)
values(6,7,2,GETDATE(),GETDATE(),GETDATE(),0)
insert into TripStation (TripId,StationId,Priority,EstArrival,LastCreatedDate,LastModifiedDate,IsDeleted)
values(7,9,1,GETDATE(),GETDATE(),GETDATE(),0)
insert into TripStation (TripId,StationId,Priority,EstArrival,LastCreatedDate,LastModifiedDate,IsDeleted)
values(7,7,2,GETDATE(),GETDATE(),GETDATE(),0)
insert into TripStation (TripId,StationId,Priority,EstArrival,LastCreatedDate,LastModifiedDate,IsDeleted)
values(8,9,1,GETDATE(),GETDATE(),GETDATE(),0)
insert into TripStation (TripId,StationId,Priority,EstArrival,LastCreatedDate,LastModifiedDate,IsDeleted)
values(8,7,2,GETDATE(),GETDATE(),GETDATE(),0)
insert into TripStation (TripId,StationId,Priority,EstArrival,LastCreatedDate,LastModifiedDate,IsDeleted)
values(9,8,1,GETDATE(),GETDATE(),GETDATE(),0)
insert into TripStation (TripId,StationId,Priority,EstArrival,LastCreatedDate,LastModifiedDate,IsDeleted)
values(9,3,2,GETDATE(),GETDATE(),GETDATE(),0)
insert into TripStation (TripId,StationId,Priority,EstArrival,LastCreatedDate,LastModifiedDate,IsDeleted)
values(10,8,1,GETDATE(),GETDATE(),GETDATE(),0)
insert into TripStation (TripId,StationId,Priority,EstArrival,LastCreatedDate,LastModifiedDate,IsDeleted)
values(10,3,2,GETDATE(),GETDATE(),GETDATE(),0)
insert into TripStation (TripId,StationId,Priority,EstArrival,LastCreatedDate,LastModifiedDate,IsDeleted)
values(11,8,1,GETDATE(),GETDATE(),GETDATE(),0)
insert into TripStation (TripId,StationId,Priority,EstArrival,LastCreatedDate,LastModifiedDate,IsDeleted)
values(11,3,2,GETDATE(),GETDATE(),GETDATE(),0)
insert into TripStation (TripId,StationId,Priority,EstArrival,LastCreatedDate,LastModifiedDate,IsDeleted)
values(12,8,1,GETDATE(),GETDATE(),GETDATE(),0)
insert into TripStation (TripId,StationId,Priority,EstArrival,LastCreatedDate,LastModifiedDate,IsDeleted)
values(12,3,2,GETDATE(),GETDATE(),GETDATE(),0)
insert into TripStation (TripId,StationId,Priority,EstArrival,LastCreatedDate,LastModifiedDate,IsDeleted)
values(13,10,1,GETDATE(),GETDATE(),GETDATE(),0)
insert into TripStation (TripId,StationId,Priority,EstArrival,LastCreatedDate,LastModifiedDate,IsDeleted)
values(13,4,2,GETDATE(),GETDATE(),GETDATE(),0)
insert into TripStation (TripId,StationId,Priority,EstArrival,LastCreatedDate,LastModifiedDate,IsDeleted)
values(14,10,1,GETDATE(),GETDATE(),GETDATE(),0)
insert into TripStation (TripId,StationId,Priority,EstArrival,LastCreatedDate,LastModifiedDate,IsDeleted)
values(14,4,2,GETDATE(),GETDATE(),GETDATE(),0)
insert into TripStation (TripId,StationId,Priority,EstArrival,LastCreatedDate,LastModifiedDate,IsDeleted)
values(15,9,1,GETDATE(),GETDATE(),GETDATE(),0)
insert into TripStation (TripId,StationId,Priority,EstArrival,LastCreatedDate,LastModifiedDate,IsDeleted)
values(15,4,2,GETDATE(),GETDATE(),GETDATE(),0)
insert into TripStation (TripId,StationId,Priority,EstArrival,LastCreatedDate,LastModifiedDate,IsDeleted)
values(16,9,1,GETDATE(),GETDATE(),GETDATE(),0)
insert into TripStation (TripId,StationId,Priority,EstArrival,LastCreatedDate,LastModifiedDate,IsDeleted)
values(16,4,2,GETDATE(),GETDATE(),GETDATE(),0)

--Seed Data for SEAT
--16--
INSERT INTO SEAT(VehicleTypeId,SeatCode,Col,Row,Status,LastCreatedDate,LastModifiedDate,IsDeleted)
VALUES(1,'A01',0,0,1,GETDATE(),GETDATE(),0)
INSERT INTO SEAT(VehicleTypeId,SeatCode,Col,Row,Status,LastCreatedDate,LastModifiedDate,IsDeleted)
VALUES(1,'XXX',1,0,0,GETDATE(),GETDATE(),0)
INSERT INTO SEAT(VehicleTypeId,SeatCode,Col,Row,Status,LastCreatedDate,LastModifiedDate,IsDeleted)
VALUES(1,'XXX',2,0,0,GETDATE(),GETDATE(),0)
INSERT INTO SEAT(VehicleTypeId,SeatCode,Col,Row,Status,LastCreatedDate,LastModifiedDate,IsDeleted)
VALUES(1,'XXX',3,0,0,GETDATE(),GETDATE(),0)
INSERT INTO SEAT(VehicleTypeId,SeatCode,Col,Row,Status,LastCreatedDate,LastModifiedDate,IsDeleted)
VALUES(1,'A12',4,0,1,GETDATE(),GETDATE(),0)
INSERT INTO SEAT(VehicleTypeId,SeatCode,Col,Row,Status,LastCreatedDate,LastModifiedDate,IsDeleted)
VALUES(1,'A02',0,1,1,GETDATE(),GETDATE(),0)
INSERT INTO SEAT(VehicleTypeId,SeatCode,Col,Row,Status,LastCreatedDate,LastModifiedDate,IsDeleted)
VALUES(1,'A03',1,1,1,GETDATE(),GETDATE(),0)
INSERT INTO SEAT(VehicleTypeId,SeatCode,Col,Row,Status,LastCreatedDate,LastModifiedDate,IsDeleted)
VALUES(1,'A06',2,1,1,GETDATE(),GETDATE(),0)
INSERT INTO SEAT(VehicleTypeId,SeatCode,Col,Row,Status,LastCreatedDate,LastModifiedDate,IsDeleted)
VALUES(1,'A09',3,1,1,GETDATE(),GETDATE(),0)
INSERT INTO SEAT(VehicleTypeId,SeatCode,Col,Row,Status,LastCreatedDate,LastModifiedDate,IsDeleted)
VALUES(1,'A13',4,1,1,GETDATE(),GETDATE(),0)
INSERT INTO SEAT(VehicleTypeId,SeatCode,Col,Row,Status,LastCreatedDate,LastModifiedDate,IsDeleted)
VALUES(1,'XXX',0,2,0,GETDATE(),GETDATE(),0)
INSERT INTO SEAT(VehicleTypeId,SeatCode,Col,Row,Status,LastCreatedDate,LastModifiedDate,IsDeleted)
VALUES(1,'A04',1,2,1,GETDATE(),GETDATE(),0)
INSERT INTO SEAT(VehicleTypeId,SeatCode,Col,Row,Status,LastCreatedDate,LastModifiedDate,IsDeleted)
VALUES(1,'A07',2,2,1,GETDATE(),GETDATE(),0)
INSERT INTO SEAT(VehicleTypeId,SeatCode,Col,Row,Status,LastCreatedDate,LastModifiedDate,IsDeleted)
VALUES(1,'A10',3,2,1,GETDATE(),GETDATE(),0)
INSERT INTO SEAT(VehicleTypeId,SeatCode,Col,Row,Status,LastCreatedDate,LastModifiedDate,IsDeleted)
VALUES(1,'A14',4,2,1,GETDATE(),GETDATE(),0)
INSERT INTO SEAT(VehicleTypeId,SeatCode,Col,Row,Status,LastCreatedDate,LastModifiedDate,IsDeleted)
VALUES(1,'XXX',0,3,0,GETDATE(),GETDATE(),0)
INSERT INTO SEAT(VehicleTypeId,SeatCode,Col,Row,Status,LastCreatedDate,LastModifiedDate,IsDeleted)
VALUES(1,'A05',1,3,1,GETDATE(),GETDATE(),0)
INSERT INTO SEAT(VehicleTypeId,SeatCode,Col,Row,Status,LastCreatedDate,LastModifiedDate,IsDeleted)
VALUES(1,'A08',2,3,1,GETDATE(),GETDATE(),0)
INSERT INTO SEAT(VehicleTypeId,SeatCode,Col,Row,Status,LastCreatedDate,LastModifiedDate,IsDeleted)
VALUES(1,'A11',3,3,1,GETDATE(),GETDATE(),0)
INSERT INTO SEAT(VehicleTypeId,SeatCode,Col,Row,Status,LastCreatedDate,LastModifiedDate,IsDeleted)
VALUES(1,'A15',4,3,1,GETDATE(),GETDATE(),0)
--29--
INSERT INTO SEAT(VehicleTypeId,SeatCode,Col,Row,Status,LastCreatedDate,LastModifiedDate,IsDeleted)
VALUES(2,'A01',0,0,1,GETDATE(),GETDATE(),0)
INSERT INTO SEAT(VehicleTypeId,SeatCode,Col,Row,Status,LastCreatedDate,LastModifiedDate,IsDeleted)
VALUES(2,'XXX',1,0,0,GETDATE(),GETDATE(),0)
INSERT INTO SEAT(VehicleTypeId,SeatCode,Col,Row,Status,LastCreatedDate,LastModifiedDate,IsDeleted)
VALUES(2,'A05',2,0,1,GETDATE(),GETDATE(),0)
INSERT INTO SEAT(VehicleTypeId,SeatCode,Col,Row,Status,LastCreatedDate,LastModifiedDate,IsDeleted)
VALUES(2,'A09',3,0,1,GETDATE(),GETDATE(),0)
INSERT INTO SEAT(VehicleTypeId,SeatCode,Col,Row,Status,LastCreatedDate,LastModifiedDate,IsDeleted)
VALUES(2,'A13',4,0,1,GETDATE(),GETDATE(),0)
INSERT INTO SEAT(VehicleTypeId,SeatCode,Col,Row,Status,LastCreatedDate,LastModifiedDate,IsDeleted)
VALUES(2,'A17',5,0,1,GETDATE(),GETDATE(),0)
INSERT INTO SEAT(VehicleTypeId,SeatCode,Col,Row,Status,LastCreatedDate,LastModifiedDate,IsDeleted)
VALUES(2,'A21',6,0,1,GETDATE(),GETDATE(),0)
INSERT INTO SEAT(VehicleTypeId,SeatCode,Col,Row,Status,LastCreatedDate,LastModifiedDate,IsDeleted)
VALUES(2,'A25',7,0,1,GETDATE(),GETDATE(),0)
INSERT INTO SEAT(VehicleTypeId,SeatCode,Col,Row,Status,LastCreatedDate,LastModifiedDate,IsDeleted)
VALUES(2,'A02',0,1,1,GETDATE(),GETDATE(),0)
INSERT INTO SEAT(VehicleTypeId,SeatCode,Col,Row,Status,LastCreatedDate,LastModifiedDate,IsDeleted)
VALUES(2,'XXX',1,1,0,GETDATE(),GETDATE(),0)
INSERT INTO SEAT(VehicleTypeId,SeatCode,Col,Row,Status,LastCreatedDate,LastModifiedDate,IsDeleted)
VALUES(2,'A06',2,1,1,GETDATE(),GETDATE(),0)
INSERT INTO SEAT(VehicleTypeId,SeatCode,Col,Row,Status,LastCreatedDate,LastModifiedDate,IsDeleted)
VALUES(2,'A10',3,1,1,GETDATE(),GETDATE(),0)
INSERT INTO SEAT(VehicleTypeId,SeatCode,Col,Row,Status,LastCreatedDate,LastModifiedDate,IsDeleted)
VALUES(2,'A14',4,1,1,GETDATE(),GETDATE(),0)
INSERT INTO SEAT(VehicleTypeId,SeatCode,Col,Row,Status,LastCreatedDate,LastModifiedDate,IsDeleted)
VALUES(2,'A18',5,1,1,GETDATE(),GETDATE(),0)
INSERT INTO SEAT(VehicleTypeId,SeatCode,Col,Row,Status,LastCreatedDate,LastModifiedDate,IsDeleted)
VALUES(2,'A22',6,1,1,GETDATE(),GETDATE(),0)
INSERT INTO SEAT(VehicleTypeId,SeatCode,Col,Row,Status,LastCreatedDate,LastModifiedDate,IsDeleted)
VALUES(2,'A26',7,1,1,GETDATE(),GETDATE(),0)

INSERT INTO SEAT(VehicleTypeId,SeatCode,Col,Row,Status,LastCreatedDate,LastModifiedDate,IsDeleted)
VALUES(2,'XXX',0,2,0,GETDATE(),GETDATE(),0)
INSERT INTO SEAT(VehicleTypeId,SeatCode,Col,Row,Status,LastCreatedDate,LastModifiedDate,IsDeleted)
VALUES(2,'XXX',1,2,0,GETDATE(),GETDATE(),0)
INSERT INTO SEAT(VehicleTypeId,SeatCode,Col,Row,Status,LastCreatedDate,LastModifiedDate,IsDeleted)
VALUES(2,'XXX',2,2,0,GETDATE(),GETDATE(),0)
INSERT INTO SEAT(VehicleTypeId,SeatCode,Col,Row,Status,LastCreatedDate,LastModifiedDate,IsDeleted)
VALUES(2,'XXX',3,1,0,GETDATE(),GETDATE(),0)
INSERT INTO SEAT(VehicleTypeId,SeatCode,Col,Row,Status,LastCreatedDate,LastModifiedDate,IsDeleted)
VALUES(2,'XXX',4,2,0,GETDATE(),GETDATE(),0)
INSERT INTO SEAT(VehicleTypeId,SeatCode,Col,Row,Status,LastCreatedDate,LastModifiedDate,IsDeleted)
VALUES(2,'XXX',5,2,0,GETDATE(),GETDATE(),0)
INSERT INTO SEAT(VehicleTypeId,SeatCode,Col,Row,Status,LastCreatedDate,LastModifiedDate,IsDeleted)
VALUES(2,'XXX',6,2,0,GETDATE(),GETDATE(),0)
INSERT INTO SEAT(VehicleTypeId,SeatCode,Col,Row,Status,LastCreatedDate,LastModifiedDate,IsDeleted)
VALUES(2,'A27',7,2,1,GETDATE(),GETDATE(),0)

INSERT INTO SEAT(VehicleTypeId,SeatCode,Col,Row,Status,LastCreatedDate,LastModifiedDate,IsDeleted)
VALUES(2,'XXX',0,3,0,GETDATE(),GETDATE(),0)
INSERT INTO SEAT(VehicleTypeId,SeatCode,Col,Row,Status,LastCreatedDate,LastModifiedDate,IsDeleted)
VALUES(2,'A03',1,3,1,GETDATE(),GETDATE(),0)
INSERT INTO SEAT(VehicleTypeId,SeatCode,Col,Row,Status,LastCreatedDate,LastModifiedDate,IsDeleted)
VALUES(2,'A07',2,3,1,GETDATE(),GETDATE(),0)
INSERT INTO SEAT(VehicleTypeId,SeatCode,Col,Row,Status,LastCreatedDate,LastModifiedDate,IsDeleted)
VALUES(2,'A11',3,3,1,GETDATE(),GETDATE(),0)
INSERT INTO SEAT(VehicleTypeId,SeatCode,Col,Row,Status,LastCreatedDate,LastModifiedDate,IsDeleted)
VALUES(2,'A15',4,2,1,GETDATE(),GETDATE(),0)
INSERT INTO SEAT(VehicleTypeId,SeatCode,Col,Row,Status,LastCreatedDate,LastModifiedDate,IsDeleted)
VALUES(2,'A19',5,3,1,GETDATE(),GETDATE(),0)
INSERT INTO SEAT(VehicleTypeId,SeatCode,Col,Row,Status,LastCreatedDate,LastModifiedDate,IsDeleted)
VALUES(2,'A23',6,3,1,GETDATE(),GETDATE(),0)
INSERT INTO SEAT(VehicleTypeId,SeatCode,Col,Row,Status,LastCreatedDate,LastModifiedDate,IsDeleted)
VALUES(2,'A28',7,3,1,GETDATE(),GETDATE(),0)

INSERT INTO SEAT(VehicleTypeId,SeatCode,Col,Row,Status,LastCreatedDate,LastModifiedDate,IsDeleted)
VALUES(2,'DRI',0,4,0,GETDATE(),GETDATE(),0)
INSERT INTO SEAT(VehicleTypeId,SeatCode,Col,Row,Status,LastCreatedDate,LastModifiedDate,IsDeleted)
VALUES(2,'A04',1,4,1,GETDATE(),GETDATE(),0)
INSERT INTO SEAT(VehicleTypeId,SeatCode,Col,Row,Status,LastCreatedDate,LastModifiedDate,IsDeleted)
VALUES(2,'A08',2,4,1,GETDATE(),GETDATE(),0)
INSERT INTO SEAT(VehicleTypeId,SeatCode,Col,Row,Status,LastCreatedDate,LastModifiedDate,IsDeleted)
VALUES(2,'A12',3,4,1,GETDATE(),GETDATE(),0)
INSERT INTO SEAT(VehicleTypeId,SeatCode,Col,Row,Status,LastCreatedDate,LastModifiedDate,IsDeleted)
VALUES(2,'A16',4,4,1,GETDATE(),GETDATE(),0)
INSERT INTO SEAT(VehicleTypeId,SeatCode,Col,Row,Status,LastCreatedDate,LastModifiedDate,IsDeleted)
VALUES(2,'A20',5,4,1,GETDATE(),GETDATE(),0)
INSERT INTO SEAT(VehicleTypeId,SeatCode,Col,Row,Status,LastCreatedDate,LastModifiedDate,IsDeleted)
VALUES(2,'A24',6,4,1,GETDATE(),GETDATE(),0)
INSERT INTO SEAT(VehicleTypeId,SeatCode,Col,Row,Status,LastCreatedDate,LastModifiedDate,IsDeleted)
VALUES(2,'A29',7,4,1,GETDATE(),GETDATE(),0)
--seed data for Ticket

insert into Ticket(TripId,EstCost,Status,Date,LastCreatedDate,LastModifiedDate,IsDeleted,SeatId) values (1,200,0,GETDATE(),GETDATE(),GETDATE(),0,1)
insert into Ticket(TripId,EstCost,Status,Date,LastCreatedDate,LastModifiedDate,IsDeleted,SeatId) values (1,200,0,GETDATE(),GETDATE(),GETDATE(),0,5)
insert into Ticket(TripId,EstCost,Status,Date,LastCreatedDate,LastModifiedDate,IsDeleted,SeatId) values (1,200,0,GETDATE(),GETDATE(),GETDATE(),0,6)
insert into Ticket(TripId,EstCost,Status,Date,LastCreatedDate,LastModifiedDate,IsDeleted,SeatId) values (1,200,0,GETDATE(),GETDATE(),GETDATE(),0,7)
insert into Ticket(TripId,EstCost,Status,Date,LastCreatedDate,LastModifiedDate,IsDeleted,SeatId) values (1,200,0,GETDATE(),GETDATE(),GETDATE(),0,8)
insert into Ticket(TripId,EstCost,Status,Date,LastCreatedDate,LastModifiedDate,IsDeleted,SeatId) values (1,200,0,GETDATE(),GETDATE(),GETDATE(),0,9)
insert into Ticket(TripId,EstCost,Status,Date,LastCreatedDate,LastModifiedDate,IsDeleted,SeatId) values (1,200,0,GETDATE(),GETDATE(),GETDATE(),0,10)
insert into Ticket(TripId,EstCost,Status,Date,LastCreatedDate,LastModifiedDate,IsDeleted,SeatId) values (1,200,0,GETDATE(),GETDATE(),GETDATE(),0,12)
insert into Ticket(TripId,EstCost,Status,Date,LastCreatedDate,LastModifiedDate,IsDeleted,SeatId) values (1,200,0,GETDATE(),GETDATE(),GETDATE(),0,13)
insert into Ticket(TripId,EstCost,Status,Date,LastCreatedDate,LastModifiedDate,IsDeleted,SeatId) values (1,200,0,GETDATE(),GETDATE(),GETDATE(),0,14)
insert into Ticket(TripId,EstCost,Status,Date,LastCreatedDate,LastModifiedDate,IsDeleted,SeatId) values (1,200,0,GETDATE(),GETDATE(),GETDATE(),0,15)
insert into Ticket(TripId,EstCost,Status,Date,LastCreatedDate,LastModifiedDate,IsDeleted,SeatId) values (1,200,0,GETDATE(),GETDATE(),GETDATE(),0,17)
insert into Ticket(TripId,EstCost,Status,Date,LastCreatedDate,LastModifiedDate,IsDeleted,SeatId) values (1,200,0,GETDATE(),GETDATE(),GETDATE(),0,18)
insert into Ticket(TripId,EstCost,Status,Date,LastCreatedDate,LastModifiedDate,IsDeleted,SeatId) values (1,200,0,GETDATE(),GETDATE(),GETDATE(),0,19)
insert into Ticket(TripId,EstCost,Status,Date,LastCreatedDate,LastModifiedDate,IsDeleted,SeatId) values (1,200,0,GETDATE(),GETDATE(),GETDATE(),0,20)

--insert into Ticket(TripId,SeatCode,EstCost,Status,Date,LastCreatedDate,LastModifiedDate,IsDeleted) values (2,'A01',200,0,GETDATE(),GETDATE(),GETDATE(),0)
--insert into Ticket(TripId,SeatCode,EstCost,Status,Date,LastCreatedDate,LastModifiedDate,IsDeleted) values (2,'A02',200,0,GETDATE(),GETDATE(),GETDATE(),0)
--insert into Ticket(TripId,SeatCode,EstCost,Status,Date,LastCreatedDate,LastModifiedDate,IsDeleted) values (2,'A03',200,0,GETDATE(),GETDATE(),GETDATE(),0)
--insert into Ticket(TripId,SeatCode,EstCost,Status,Date,LastCreatedDate,LastModifiedDate,IsDeleted) values (2,'A04',200,0,GETDATE(),GETDATE(),GETDATE(),0)
--insert into Ticket(TripId,SeatCode,EstCost,Status,Date,LastCreatedDate,LastModifiedDate,IsDeleted) values (2,'A05',200,0,GETDATE(),GETDATE(),GETDATE(),0)
--insert into Ticket(TripId,SeatCode,EstCost,Status,Date,LastCreatedDate,LastModifiedDate,IsDeleted) values (2,'A06',200,0,GETDATE(),GETDATE(),GETDATE(),0)
--insert into Ticket(TripId,SeatCode,EstCost,Status,Date,LastCreatedDate,LastModifiedDate,IsDeleted) values (2,'A07',200,0,GETDATE(),GETDATE(),GETDATE(),0)
--insert into Ticket(TripId,SeatCode,EstCost,Status,Date,LastCreatedDate,LastModifiedDate,IsDeleted) values (2,'A08',200,0,GETDATE(),GETDATE(),GETDATE(),0)
--insert into Ticket(TripId,SeatCode,EstCost,Status,Date,LastCreatedDate,LastModifiedDate,IsDeleted) values (2,'A09',200,0,GETDATE(),GETDATE(),GETDATE(),0)
--insert into Ticket(TripId,SeatCode,EstCost,Status,Date,LastCreatedDate,LastModifiedDate,IsDeleted) values (2,'A10',200,0,GETDATE(),GETDATE(),GETDATE(),0)
--insert into Ticket(TripId,SeatCode,EstCost,Status,Date,LastCreatedDate,LastModifiedDate,IsDeleted) values (2,'A11',200,0,GETDATE(),GETDATE(),GETDATE(),0)
--insert into Ticket(TripId,SeatCode,EstCost,Status,Date,LastCreatedDate,LastModifiedDate,IsDeleted) values (2,'A12',200,0,GETDATE(),GETDATE(),GETDATE(),0)
--insert into Ticket(TripId,SeatCode,EstCost,Status,Date,LastCreatedDate,LastModifiedDate,IsDeleted) values (2,'A13',200,0,GETDATE(),GETDATE(),GETDATE(),0)
--insert into Ticket(TripId,SeatCode,EstCost,Status,Date,LastCreatedDate,LastModifiedDate,IsDeleted) values (2,'A14',200,0,GETDATE(),GETDATE(),GETDATE(),0)
--insert into Ticket(TripId,SeatCode,EstCost,Status,Date,LastCreatedDate,LastModifiedDate,IsDeleted) values (2,'A15',200,0,GETDATE(),GETDATE(),GETDATE(),0)

--insert into Ticket(TripId,SeatCode,EstCost,Status,Date,LastCreatedDate,LastModifiedDate,IsDeleted) values (3,'A01',200,0,GETDATE(),GETDATE(),GETDATE(),0)
--insert into Ticket(TripId,SeatCode,EstCost,Status,Date,LastCreatedDate,LastModifiedDate,IsDeleted) values (3,'A02',200,0,GETDATE(),GETDATE(),GETDATE(),0)
--insert into Ticket(TripId,SeatCode,EstCost,Status,Date,LastCreatedDate,LastModifiedDate,IsDeleted) values (3,'A03',200,0,GETDATE(),GETDATE(),GETDATE(),0)
--insert into Ticket(TripId,SeatCode,EstCost,Status,Date,LastCreatedDate,LastModifiedDate,IsDeleted) values (3,'A04',200,0,GETDATE(),GETDATE(),GETDATE(),0)
--insert into Ticket(TripId,SeatCode,EstCost,Status,Date,LastCreatedDate,LastModifiedDate,IsDeleted) values (3,'A05',200,0,GETDATE(),GETDATE(),GETDATE(),0)
--insert into Ticket(TripId,SeatCode,EstCost,Status,Date,LastCreatedDate,LastModifiedDate,IsDeleted) values (3,'A06',200,0,GETDATE(),GETDATE(),GETDATE(),0)
--insert into Ticket(TripId,SeatCode,EstCost,Status,Date,LastCreatedDate,LastModifiedDate,IsDeleted) values (3,'A07',200,0,GETDATE(),GETDATE(),GETDATE(),0)
--insert into Ticket(TripId,SeatCode,EstCost,Status,Date,LastCreatedDate,LastModifiedDate,IsDeleted) values (3,'A08',200,0,GETDATE(),GETDATE(),GETDATE(),0)
--insert into Ticket(TripId,SeatCode,EstCost,Status,Date,LastCreatedDate,LastModifiedDate,IsDeleted) values (3,'A09',200,0,GETDATE(),GETDATE(),GETDATE(),0)
--insert into Ticket(TripId,SeatCode,EstCost,Status,Date,LastCreatedDate,LastModifiedDate,IsDeleted) values (3,'A10',200,0,GETDATE(),GETDATE(),GETDATE(),0)
--insert into Ticket(TripId,SeatCode,EstCost,Status,Date,LastCreatedDate,LastModifiedDate,IsDeleted) values (3,'A11',200,0,GETDATE(),GETDATE(),GETDATE(),0)
--insert into Ticket(TripId,SeatCode,EstCost,Status,Date,LastCreatedDate,LastModifiedDate,IsDeleted) values (3,'A12',200,0,GETDATE(),GETDATE(),GETDATE(),0)
--insert into Ticket(TripId,SeatCode,EstCost,Status,Date,LastCreatedDate,LastModifiedDate,IsDeleted) values (3,'A13',200,0,GETDATE(),GETDATE(),GETDATE(),0)
--insert into Ticket(TripId,SeatCode,EstCost,Status,Date,LastCreatedDate,LastModifiedDate,IsDeleted) values (3,'A14',200,0,GETDATE(),GETDATE(),GETDATE(),0)
--insert into Ticket(TripId,SeatCode,EstCost,Status,Date,LastCreatedDate,LastModifiedDate,IsDeleted) values (3,'A15',200,0,GETDATE(),GETDATE(),GETDATE(),0)

--insert into Ticket(TripId,SeatCode,EstCost,Status,Date,LastCreatedDate,LastModifiedDate,IsDeleted) values (4,'A01',200,0,GETDATE(),GETDATE(),GETDATE(),0)
--insert into Ticket(TripId,SeatCode,EstCost,Status,Date,LastCreatedDate,LastModifiedDate,IsDeleted) values (4,'A02',200,0,GETDATE(),GETDATE(),GETDATE(),0)
--insert into Ticket(TripId,SeatCode,EstCost,Status,Date,LastCreatedDate,LastModifiedDate,IsDeleted) values (4,'A03',200,0,GETDATE(),GETDATE(),GETDATE(),0)
--insert into Ticket(TripId,SeatCode,EstCost,Status,Date,LastCreatedDate,LastModifiedDate,IsDeleted) values (4,'A04',200,0,GETDATE(),GETDATE(),GETDATE(),0)
--insert into Ticket(TripId,SeatCode,EstCost,Status,Date,LastCreatedDate,LastModifiedDate,IsDeleted) values (4,'A05',200,0,GETDATE(),GETDATE(),GETDATE(),0)
--insert into Ticket(TripId,SeatCode,EstCost,Status,Date,LastCreatedDate,LastModifiedDate,IsDeleted) values (4,'A06',200,0,GETDATE(),GETDATE(),GETDATE(),0)
--insert into Ticket(TripId,SeatCode,EstCost,Status,Date,LastCreatedDate,LastModifiedDate,IsDeleted) values (4,'A07',200,0,GETDATE(),GETDATE(),GETDATE(),0)
--insert into Ticket(TripId,SeatCode,EstCost,Status,Date,LastCreatedDate,LastModifiedDate,IsDeleted) values (4,'A08',200,0,GETDATE(),GETDATE(),GETDATE(),0)
--insert into Ticket(TripId,SeatCode,EstCost,Status,Date,LastCreatedDate,LastModifiedDate,IsDeleted) values (4,'A09',200,0,GETDATE(),GETDATE(),GETDATE(),0)
--insert into Ticket(TripId,SeatCode,EstCost,Status,Date,LastCreatedDate,LastModifiedDate,IsDeleted) values (4,'A10',200,0,GETDATE(),GETDATE(),GETDATE(),0)
--insert into Ticket(TripId,SeatCode,EstCost,Status,Date,LastCreatedDate,LastModifiedDate,IsDeleted) values (4,'A11',200,0,GETDATE(),GETDATE(),GETDATE(),0)
--insert into Ticket(TripId,SeatCode,EstCost,Status,Date,LastCreatedDate,LastModifiedDate,IsDeleted) values (4,'A12',200,0,GETDATE(),GETDATE(),GETDATE(),0)
--insert into Ticket(TripId,SeatCode,EstCost,Status,Date,LastCreatedDate,LastModifiedDate,IsDeleted) values (4,'A13',200,0,GETDATE(),GETDATE(),GETDATE(),0)
--insert into Ticket(TripId,SeatCode,EstCost,Status,Date,LastCreatedDate,LastModifiedDate,IsDeleted) values (4,'A14',200,0,GETDATE(),GETDATE(),GETDATE(),0)
--insert into Ticket(TripId,SeatCode,EstCost,Status,Date,LastCreatedDate,LastModifiedDate,IsDeleted) values (4,'A15',200,0,GETDATE(),GETDATE(),GETDATE(),0)

--insert into Ticket(TripId,SeatCode,EstCost,Status,Date,LastCreatedDate,LastModifiedDate,IsDeleted) values (5,'A01',200,0,GETDATE(),GETDATE(),GETDATE(),0)
--insert into Ticket(TripId,SeatCode,EstCost,Status,Date,LastCreatedDate,LastModifiedDate,IsDeleted) values (5,'A02',200,0,GETDATE(),GETDATE(),GETDATE(),0)
--insert into Ticket(TripId,SeatCode,EstCost,Status,Date,LastCreatedDate,LastModifiedDate,IsDeleted) values (5,'A03',200,0,GETDATE(),GETDATE(),GETDATE(),0)
--insert into Ticket(TripId,SeatCode,EstCost,Status,Date,LastCreatedDate,LastModifiedDate,IsDeleted) values (5,'A04',200,0,GETDATE(),GETDATE(),GETDATE(),0)
--insert into Ticket(TripId,SeatCode,EstCost,Status,Date,LastCreatedDate,LastModifiedDate,IsDeleted) values (5,'A05',200,0,GETDATE(),GETDATE(),GETDATE(),0)
--insert into Ticket(TripId,SeatCode,EstCost,Status,Date,LastCreatedDate,LastModifiedDate,IsDeleted) values (5,'A06',200,0,GETDATE(),GETDATE(),GETDATE(),0)
--insert into Ticket(TripId,SeatCode,EstCost,Status,Date,LastCreatedDate,LastModifiedDate,IsDeleted) values (5,'A07',200,0,GETDATE(),GETDATE(),GETDATE(),0)
--insert into Ticket(TripId,SeatCode,EstCost,Status,Date,LastCreatedDate,LastModifiedDate,IsDeleted) values (5,'A08',200,0,GETDATE(),GETDATE(),GETDATE(),0)
--insert into Ticket(TripId,SeatCode,EstCost,Status,Date,LastCreatedDate,LastModifiedDate,IsDeleted) values (5,'A09',200,0,GETDATE(),GETDATE(),GETDATE(),0)
--insert into Ticket(TripId,SeatCode,EstCost,Status,Date,LastCreatedDate,LastModifiedDate,IsDeleted) values (5,'A10',200,0,GETDATE(),GETDATE(),GETDATE(),0)
--insert into Ticket(TripId,SeatCode,EstCost,Status,Date,LastCreatedDate,LastModifiedDate,IsDeleted) values (5,'A11',200,0,GETDATE(),GETDATE(),GETDATE(),0)
--insert into Ticket(TripId,SeatCode,EstCost,Status,Date,LastCreatedDate,LastModifiedDate,IsDeleted) values (5,'A12',200,0,GETDATE(),GETDATE(),GETDATE(),0)
--insert into Ticket(TripId,SeatCode,EstCost,Status,Date,LastCreatedDate,LastModifiedDate,IsDeleted) values (5,'A13',200,0,GETDATE(),GETDATE(),GETDATE(),0)
--insert into Ticket(TripId,SeatCode,EstCost,Status,Date,LastCreatedDate,LastModifiedDate,IsDeleted) values (5,'A14',200,0,GETDATE(),GETDATE(),GETDATE(),0)
--insert into Ticket(TripId,SeatCode,EstCost,Status,Date,LastCreatedDate,LastModifiedDate,IsDeleted) values (5,'A15',200,0,GETDATE(),GETDATE(),GETDATE(),0)

insert into Ticket(TripId,EstCost,Status,Date,LastCreatedDate,LastModifiedDate,IsDeleted,SeatId) values (6,200,0,GETDATE(),GETDATE(),GETDATE(),0,21)
insert into Ticket(TripId,EstCost,Status,Date,LastCreatedDate,LastModifiedDate,IsDeleted,SeatId) values (6,200,0,GETDATE(),GETDATE(),GETDATE(),0,29)
insert into Ticket(TripId,EstCost,Status,Date,LastCreatedDate,LastModifiedDate,IsDeleted,SeatId) values (6,200,0,GETDATE(),GETDATE(),GETDATE(),0,46)
insert into Ticket(TripId,EstCost,Status,Date,LastCreatedDate,LastModifiedDate,IsDeleted,SeatId) values (6,200,0,GETDATE(),GETDATE(),GETDATE(),0,54)
insert into Ticket(TripId,EstCost,Status,Date,LastCreatedDate,LastModifiedDate,IsDeleted,SeatId) values (6,200,0,GETDATE(),GETDATE(),GETDATE(),0,23)
insert into Ticket(TripId,EstCost,Status,Date,LastCreatedDate,LastModifiedDate,IsDeleted,SeatId) values (6,200,0,GETDATE(),GETDATE(),GETDATE(),0,31)
insert into Ticket(TripId,EstCost,Status,Date,LastCreatedDate,LastModifiedDate,IsDeleted,SeatId) values (6,200,0,GETDATE(),GETDATE(),GETDATE(),0,47)
insert into Ticket(TripId,EstCost,Status,Date,LastCreatedDate,LastModifiedDate,IsDeleted,SeatId) values (6,200,0,GETDATE(),GETDATE(),GETDATE(),0,55)
insert into Ticket(TripId,EstCost,Status,Date,LastCreatedDate,LastModifiedDate,IsDeleted,SeatId) values (6,200,0,GETDATE(),GETDATE(),GETDATE(),0,24)
insert into Ticket(TripId,EstCost,Status,Date,LastCreatedDate,LastModifiedDate,IsDeleted,SeatId) values (6,200,0,GETDATE(),GETDATE(),GETDATE(),0,32)
insert into Ticket(TripId,EstCost,Status,Date,LastCreatedDate,LastModifiedDate,IsDeleted,SeatId) values (6,200,0,GETDATE(),GETDATE(),GETDATE(),0,48)
insert into Ticket(TripId,EstCost,Status,Date,LastCreatedDate,LastModifiedDate,IsDeleted,SeatId) values (6,200,0,GETDATE(),GETDATE(),GETDATE(),0,56)
insert into Ticket(TripId,EstCost,Status,Date,LastCreatedDate,LastModifiedDate,IsDeleted,SeatId) values (6,200,0,GETDATE(),GETDATE(),GETDATE(),0,25)
insert into Ticket(TripId,EstCost,Status,Date,LastCreatedDate,LastModifiedDate,IsDeleted,SeatId) values (6,200,0,GETDATE(),GETDATE(),GETDATE(),0,33)
insert into Ticket(TripId,EstCost,Status,Date,LastCreatedDate,LastModifiedDate,IsDeleted,SeatId) values (6,200,0,GETDATE(),GETDATE(),GETDATE(),0,49)
insert into Ticket(TripId,EstCost,Status,Date,LastCreatedDate,LastModifiedDate,IsDeleted,SeatId) values (6,200,0,GETDATE(),GETDATE(),GETDATE(),0,57)
insert into Ticket(TripId,EstCost,Status,Date,LastCreatedDate,LastModifiedDate,IsDeleted,SeatId) values (6,200,0,GETDATE(),GETDATE(),GETDATE(),0,26)
insert into Ticket(TripId,EstCost,Status,Date,LastCreatedDate,LastModifiedDate,IsDeleted,SeatId) values (6,200,0,GETDATE(),GETDATE(),GETDATE(),0,34)
insert into Ticket(TripId,EstCost,Status,Date,LastCreatedDate,LastModifiedDate,IsDeleted,SeatId) values (6,200,0,GETDATE(),GETDATE(),GETDATE(),0,50)
insert into Ticket(TripId,EstCost,Status,Date,LastCreatedDate,LastModifiedDate,IsDeleted,SeatId) values (6,200,0,GETDATE(),GETDATE(),GETDATE(),0,58)
insert into Ticket(TripId,EstCost,Status,Date,LastCreatedDate,LastModifiedDate,IsDeleted,SeatId) values (6,200,0,GETDATE(),GETDATE(),GETDATE(),0,27)
insert into Ticket(TripId,EstCost,Status,Date,LastCreatedDate,LastModifiedDate,IsDeleted,SeatId) values (6,200,0,GETDATE(),GETDATE(),GETDATE(),0,35)
insert into Ticket(TripId,EstCost,Status,Date,LastCreatedDate,LastModifiedDate,IsDeleted,SeatId) values (6,200,0,GETDATE(),GETDATE(),GETDATE(),0,51)
insert into Ticket(TripId,EstCost,Status,Date,LastCreatedDate,LastModifiedDate,IsDeleted,SeatId) values (6,200,0,GETDATE(),GETDATE(),GETDATE(),0,59)
insert into Ticket(TripId,EstCost,Status,Date,LastCreatedDate,LastModifiedDate,IsDeleted,SeatId) values (6,200,0,GETDATE(),GETDATE(),GETDATE(),0,28)
insert into Ticket(TripId,EstCost,Status,Date,LastCreatedDate,LastModifiedDate,IsDeleted,SeatId) values (6,200,0,GETDATE(),GETDATE(),GETDATE(),0,36)
insert into Ticket(TripId,EstCost,Status,Date,LastCreatedDate,LastModifiedDate,IsDeleted,SeatId) values (6,200,0,GETDATE(),GETDATE(),GETDATE(),0,44)
insert into Ticket(TripId,EstCost,Status,Date,LastCreatedDate,LastModifiedDate,IsDeleted,SeatId) values (6,200,0,GETDATE(),GETDATE(),GETDATE(),0,52)
insert into Ticket(TripId,EstCost,Status,Date,LastCreatedDate,LastModifiedDate,IsDeleted,SeatId) values (6,200,0,GETDATE(),GETDATE(),GETDATE(),0,60)

insert into Ticket(TripId,SeatCode,EstCost,Status,Date,LastCreatedDate,LastModifiedDate,IsDeleted) values (7,'A01',200,0,GETDATE(),GETDATE(),GETDATE(),0)
insert into Ticket(TripId,SeatCode,EstCost,Status,Date,LastCreatedDate,LastModifiedDate,IsDeleted) values (7,'A02',200,0,GETDATE(),GETDATE(),GETDATE(),0)
insert into Ticket(TripId,SeatCode,EstCost,Status,Date,LastCreatedDate,LastModifiedDate,IsDeleted) values (7,'A03',200,0,GETDATE(),GETDATE(),GETDATE(),0)
insert into Ticket(TripId,SeatCode,EstCost,Status,Date,LastCreatedDate,LastModifiedDate,IsDeleted) values (7,'A04',200,0,GETDATE(),GETDATE(),GETDATE(),0)
insert into Ticket(TripId,SeatCode,EstCost,Status,Date,LastCreatedDate,LastModifiedDate,IsDeleted) values (7,'A05',200,0,GETDATE(),GETDATE(),GETDATE(),0)
insert into Ticket(TripId,SeatCode,EstCost,Status,Date,LastCreatedDate,LastModifiedDate,IsDeleted) values (7,'A06',200,0,GETDATE(),GETDATE(),GETDATE(),0)
insert into Ticket(TripId,SeatCode,EstCost,Status,Date,LastCreatedDate,LastModifiedDate,IsDeleted) values (7,'A07',200,0,GETDATE(),GETDATE(),GETDATE(),0)
insert into Ticket(TripId,SeatCode,EstCost,Status,Date,LastCreatedDate,LastModifiedDate,IsDeleted) values (7,'A08',200,0,GETDATE(),GETDATE(),GETDATE(),0)
insert into Ticket(TripId,SeatCode,EstCost,Status,Date,LastCreatedDate,LastModifiedDate,IsDeleted) values (7,'A09',200,0,GETDATE(),GETDATE(),GETDATE(),0)
insert into Ticket(TripId,SeatCode,EstCost,Status,Date,LastCreatedDate,LastModifiedDate,IsDeleted) values (7,'A10',200,0,GETDATE(),GETDATE(),GETDATE(),0)
insert into Ticket(TripId,SeatCode,EstCost,Status,Date,LastCreatedDate,LastModifiedDate,IsDeleted) values (7,'A11',200,0,GETDATE(),GETDATE(),GETDATE(),0)
insert into Ticket(TripId,SeatCode,EstCost,Status,Date,LastCreatedDate,LastModifiedDate,IsDeleted) values (7,'A12',200,0,GETDATE(),GETDATE(),GETDATE(),0)
insert into Ticket(TripId,SeatCode,EstCost,Status,Date,LastCreatedDate,LastModifiedDate,IsDeleted) values (7,'A13',200,0,GETDATE(),GETDATE(),GETDATE(),0)
insert into Ticket(TripId,SeatCode,EstCost,Status,Date,LastCreatedDate,LastModifiedDate,IsDeleted) values (7,'A14',200,0,GETDATE(),GETDATE(),GETDATE(),0)
insert into Ticket(TripId,SeatCode,EstCost,Status,Date,LastCreatedDate,LastModifiedDate,IsDeleted) values (7,'A15',200,0,GETDATE(),GETDATE(),GETDATE(),0)
insert into Ticket(TripId,SeatCode,EstCost,Status,Date,LastCreatedDate,LastModifiedDate,IsDeleted) values (7,'A16',200,0,GETDATE(),GETDATE(),GETDATE(),0)
insert into Ticket(TripId,SeatCode,EstCost,Status,Date,LastCreatedDate,LastModifiedDate,IsDeleted) values (7,'A17',200,0,GETDATE(),GETDATE(),GETDATE(),0)
insert into Ticket(TripId,SeatCode,EstCost,Status,Date,LastCreatedDate,LastModifiedDate,IsDeleted) values (7,'A18',200,0,GETDATE(),GETDATE(),GETDATE(),0)
insert into Ticket(TripId,SeatCode,EstCost,Status,Date,LastCreatedDate,LastModifiedDate,IsDeleted) values (7,'A19',200,0,GETDATE(),GETDATE(),GETDATE(),0)
insert into Ticket(TripId,SeatCode,EstCost,Status,Date,LastCreatedDate,LastModifiedDate,IsDeleted) values (7,'A20',200,0,GETDATE(),GETDATE(),GETDATE(),0)
insert into Ticket(TripId,SeatCode,EstCost,Status,Date,LastCreatedDate,LastModifiedDate,IsDeleted) values (7,'A21',200,0,GETDATE(),GETDATE(),GETDATE(),0)
insert into Ticket(TripId,SeatCode,EstCost,Status,Date,LastCreatedDate,LastModifiedDate,IsDeleted) values (7,'A22',200,0,GETDATE(),GETDATE(),GETDATE(),0)
insert into Ticket(TripId,SeatCode,EstCost,Status,Date,LastCreatedDate,LastModifiedDate,IsDeleted) values (7,'A23',200,0,GETDATE(),GETDATE(),GETDATE(),0)
insert into Ticket(TripId,SeatCode,EstCost,Status,Date,LastCreatedDate,LastModifiedDate,IsDeleted) values (7,'A24',200,0,GETDATE(),GETDATE(),GETDATE(),0)
insert into Ticket(TripId,SeatCode,EstCost,Status,Date,LastCreatedDate,LastModifiedDate,IsDeleted) values (7,'A25',200,0,GETDATE(),GETDATE(),GETDATE(),0)
insert into Ticket(TripId,SeatCode,EstCost,Status,Date,LastCreatedDate,LastModifiedDate,IsDeleted) values (7,'A26',200,0,GETDATE(),GETDATE(),GETDATE(),0)
insert into Ticket(TripId,SeatCode,EstCost,Status,Date,LastCreatedDate,LastModifiedDate,IsDeleted) values (7,'A27',200,0,GETDATE(),GETDATE(),GETDATE(),0)
insert into Ticket(TripId,SeatCode,EstCost,Status,Date,LastCreatedDate,LastModifiedDate,IsDeleted) values (7,'A28',200,0,GETDATE(),GETDATE(),GETDATE(),0)

insert into Ticket(TripId,SeatCode,EstCost,Status,Date,LastCreatedDate,LastModifiedDate,IsDeleted) values (8,'A01',200,0,GETDATE(),GETDATE(),GETDATE(),0)
insert into Ticket(TripId,SeatCode,EstCost,Status,Date,LastCreatedDate,LastModifiedDate,IsDeleted) values (8,'A02',200,0,GETDATE(),GETDATE(),GETDATE(),0)
insert into Ticket(TripId,SeatCode,EstCost,Status,Date,LastCreatedDate,LastModifiedDate,IsDeleted) values (8,'A03',200,0,GETDATE(),GETDATE(),GETDATE(),0)
insert into Ticket(TripId,SeatCode,EstCost,Status,Date,LastCreatedDate,LastModifiedDate,IsDeleted) values (8,'A04',200,0,GETDATE(),GETDATE(),GETDATE(),0)
insert into Ticket(TripId,SeatCode,EstCost,Status,Date,LastCreatedDate,LastModifiedDate,IsDeleted) values (8,'A05',200,0,GETDATE(),GETDATE(),GETDATE(),0)
insert into Ticket(TripId,SeatCode,EstCost,Status,Date,LastCreatedDate,LastModifiedDate,IsDeleted) values (8,'A06',200,0,GETDATE(),GETDATE(),GETDATE(),0)
insert into Ticket(TripId,SeatCode,EstCost,Status,Date,LastCreatedDate,LastModifiedDate,IsDeleted) values (8,'A07',200,0,GETDATE(),GETDATE(),GETDATE(),0)
insert into Ticket(TripId,SeatCode,EstCost,Status,Date,LastCreatedDate,LastModifiedDate,IsDeleted) values (8,'A08',200,0,GETDATE(),GETDATE(),GETDATE(),0)
insert into Ticket(TripId,SeatCode,EstCost,Status,Date,LastCreatedDate,LastModifiedDate,IsDeleted) values (8,'A09',200,0,GETDATE(),GETDATE(),GETDATE(),0)
insert into Ticket(TripId,SeatCode,EstCost,Status,Date,LastCreatedDate,LastModifiedDate,IsDeleted) values (8,'A10',200,0,GETDATE(),GETDATE(),GETDATE(),0)
insert into Ticket(TripId,SeatCode,EstCost,Status,Date,LastCreatedDate,LastModifiedDate,IsDeleted) values (8,'A11',200,0,GETDATE(),GETDATE(),GETDATE(),0)
insert into Ticket(TripId,SeatCode,EstCost,Status,Date,LastCreatedDate,LastModifiedDate,IsDeleted) values (8,'A12',200,0,GETDATE(),GETDATE(),GETDATE(),0)
insert into Ticket(TripId,SeatCode,EstCost,Status,Date,LastCreatedDate,LastModifiedDate,IsDeleted) values (8,'A13',200,0,GETDATE(),GETDATE(),GETDATE(),0)
insert into Ticket(TripId,SeatCode,EstCost,Status,Date,LastCreatedDate,LastModifiedDate,IsDeleted) values (8,'A14',200,0,GETDATE(),GETDATE(),GETDATE(),0)
insert into Ticket(TripId,SeatCode,EstCost,Status,Date,LastCreatedDate,LastModifiedDate,IsDeleted) values (8,'A15',200,0,GETDATE(),GETDATE(),GETDATE(),0)
insert into Ticket(TripId,SeatCode,EstCost,Status,Date,LastCreatedDate,LastModifiedDate,IsDeleted) values (8,'A16',200,0,GETDATE(),GETDATE(),GETDATE(),0)
insert into Ticket(TripId,SeatCode,EstCost,Status,Date,LastCreatedDate,LastModifiedDate,IsDeleted) values (8,'A17',200,0,GETDATE(),GETDATE(),GETDATE(),0)
insert into Ticket(TripId,SeatCode,EstCost,Status,Date,LastCreatedDate,LastModifiedDate,IsDeleted) values (8,'A18',200,0,GETDATE(),GETDATE(),GETDATE(),0)
insert into Ticket(TripId,SeatCode,EstCost,Status,Date,LastCreatedDate,LastModifiedDate,IsDeleted) values (8,'A19',200,0,GETDATE(),GETDATE(),GETDATE(),0)
insert into Ticket(TripId,SeatCode,EstCost,Status,Date,LastCreatedDate,LastModifiedDate,IsDeleted) values (8,'A20',200,0,GETDATE(),GETDATE(),GETDATE(),0)
insert into Ticket(TripId,SeatCode,EstCost,Status,Date,LastCreatedDate,LastModifiedDate,IsDeleted) values (8,'A21',200,0,GETDATE(),GETDATE(),GETDATE(),0)
insert into Ticket(TripId,SeatCode,EstCost,Status,Date,LastCreatedDate,LastModifiedDate,IsDeleted) values (8,'A22',200,0,GETDATE(),GETDATE(),GETDATE(),0)
insert into Ticket(TripId,SeatCode,EstCost,Status,Date,LastCreatedDate,LastModifiedDate,IsDeleted) values (8,'A23',200,0,GETDATE(),GETDATE(),GETDATE(),0)
insert into Ticket(TripId,SeatCode,EstCost,Status,Date,LastCreatedDate,LastModifiedDate,IsDeleted) values (8,'A24',200,0,GETDATE(),GETDATE(),GETDATE(),0)
insert into Ticket(TripId,SeatCode,EstCost,Status,Date,LastCreatedDate,LastModifiedDate,IsDeleted) values (8,'A25',200,0,GETDATE(),GETDATE(),GETDATE(),0)
insert into Ticket(TripId,SeatCode,EstCost,Status,Date,LastCreatedDate,LastModifiedDate,IsDeleted) values (8,'A26',200,0,GETDATE(),GETDATE(),GETDATE(),0)
insert into Ticket(TripId,SeatCode,EstCost,Status,Date,LastCreatedDate,LastModifiedDate,IsDeleted) values (8,'A27',200,0,GETDATE(),GETDATE(),GETDATE(),0)
insert into Ticket(TripId,SeatCode,EstCost,Status,Date,LastCreatedDate,LastModifiedDate,IsDeleted) values (8,'A28',200,0,GETDATE(),GETDATE(),GETDATE(),0)

insert into Ticket(TripId,SeatCode,EstCost,Status,Date,LastCreatedDate,LastModifiedDate,IsDeleted) values (9,'A01',200,0,GETDATE(),GETDATE(),GETDATE(),0)
insert into Ticket(TripId,SeatCode,EstCost,Status,Date,LastCreatedDate,LastModifiedDate,IsDeleted) values (9,'A02',200,0,GETDATE(),GETDATE(),GETDATE(),0)
insert into Ticket(TripId,SeatCode,EstCost,Status,Date,LastCreatedDate,LastModifiedDate,IsDeleted) values (9,'A03',200,0,GETDATE(),GETDATE(),GETDATE(),0)
insert into Ticket(TripId,SeatCode,EstCost,Status,Date,LastCreatedDate,LastModifiedDate,IsDeleted) values (9,'A04',200,0,GETDATE(),GETDATE(),GETDATE(),0)
insert into Ticket(TripId,SeatCode,EstCost,Status,Date,LastCreatedDate,LastModifiedDate,IsDeleted) values (9,'A05',200,0,GETDATE(),GETDATE(),GETDATE(),0)
insert into Ticket(TripId,SeatCode,EstCost,Status,Date,LastCreatedDate,LastModifiedDate,IsDeleted) values (9,'A06',200,0,GETDATE(),GETDATE(),GETDATE(),0)
insert into Ticket(TripId,SeatCode,EstCost,Status,Date,LastCreatedDate,LastModifiedDate,IsDeleted) values (9,'A07',200,0,GETDATE(),GETDATE(),GETDATE(),0)
insert into Ticket(TripId,SeatCode,EstCost,Status,Date,LastCreatedDate,LastModifiedDate,IsDeleted) values (9,'A08',200,0,GETDATE(),GETDATE(),GETDATE(),0)
insert into Ticket(TripId,SeatCode,EstCost,Status,Date,LastCreatedDate,LastModifiedDate,IsDeleted) values (9,'A09',200,0,GETDATE(),GETDATE(),GETDATE(),0)
insert into Ticket(TripId,SeatCode,EstCost,Status,Date,LastCreatedDate,LastModifiedDate,IsDeleted) values (9,'A10',200,0,GETDATE(),GETDATE(),GETDATE(),0)
insert into Ticket(TripId,SeatCode,EstCost,Status,Date,LastCreatedDate,LastModifiedDate,IsDeleted) values (9,'A11',200,0,GETDATE(),GETDATE(),GETDATE(),0)
insert into Ticket(TripId,SeatCode,EstCost,Status,Date,LastCreatedDate,LastModifiedDate,IsDeleted) values (9,'A12',200,0,GETDATE(),GETDATE(),GETDATE(),0)
insert into Ticket(TripId,SeatCode,EstCost,Status,Date,LastCreatedDate,LastModifiedDate,IsDeleted) values (9,'A13',200,0,GETDATE(),GETDATE(),GETDATE(),0)
insert into Ticket(TripId,SeatCode,EstCost,Status,Date,LastCreatedDate,LastModifiedDate,IsDeleted) values (9,'A14',200,0,GETDATE(),GETDATE(),GETDATE(),0)
insert into Ticket(TripId,SeatCode,EstCost,Status,Date,LastCreatedDate,LastModifiedDate,IsDeleted) values (9,'A15',200,0,GETDATE(),GETDATE(),GETDATE(),0)
insert into Ticket(TripId,SeatCode,EstCost,Status,Date,LastCreatedDate,LastModifiedDate,IsDeleted) values (9,'A16',200,0,GETDATE(),GETDATE(),GETDATE(),0)
insert into Ticket(TripId,SeatCode,EstCost,Status,Date,LastCreatedDate,LastModifiedDate,IsDeleted) values (9,'A17',200,0,GETDATE(),GETDATE(),GETDATE(),0)
insert into Ticket(TripId,SeatCode,EstCost,Status,Date,LastCreatedDate,LastModifiedDate,IsDeleted) values (9,'A18',200,0,GETDATE(),GETDATE(),GETDATE(),0)
insert into Ticket(TripId,SeatCode,EstCost,Status,Date,LastCreatedDate,LastModifiedDate,IsDeleted) values (9,'A19',200,0,GETDATE(),GETDATE(),GETDATE(),0)
insert into Ticket(TripId,SeatCode,EstCost,Status,Date,LastCreatedDate,LastModifiedDate,IsDeleted) values (9,'A20',200,0,GETDATE(),GETDATE(),GETDATE(),0)
insert into Ticket(TripId,SeatCode,EstCost,Status,Date,LastCreatedDate,LastModifiedDate,IsDeleted) values (9,'A21',200,0,GETDATE(),GETDATE(),GETDATE(),0)
insert into Ticket(TripId,SeatCode,EstCost,Status,Date,LastCreatedDate,LastModifiedDate,IsDeleted) values (9,'A22',200,0,GETDATE(),GETDATE(),GETDATE(),0)
insert into Ticket(TripId,SeatCode,EstCost,Status,Date,LastCreatedDate,LastModifiedDate,IsDeleted) values (9,'A23',200,0,GETDATE(),GETDATE(),GETDATE(),0)
insert into Ticket(TripId,SeatCode,EstCost,Status,Date,LastCreatedDate,LastModifiedDate,IsDeleted) values (9,'A24',200,0,GETDATE(),GETDATE(),GETDATE(),0)
insert into Ticket(TripId,SeatCode,EstCost,Status,Date,LastCreatedDate,LastModifiedDate,IsDeleted) values (9,'A25',200,0,GETDATE(),GETDATE(),GETDATE(),0)
insert into Ticket(TripId,SeatCode,EstCost,Status,Date,LastCreatedDate,LastModifiedDate,IsDeleted) values (9,'A26',200,0,GETDATE(),GETDATE(),GETDATE(),0)
insert into Ticket(TripId,SeatCode,EstCost,Status,Date,LastCreatedDate,LastModifiedDate,IsDeleted) values (9,'A27',200,0,GETDATE(),GETDATE(),GETDATE(),0)
insert into Ticket(TripId,SeatCode,EstCost,Status,Date,LastCreatedDate,LastModifiedDate,IsDeleted) values (9,'A28',200,0,GETDATE(),GETDATE(),GETDATE(),0)

insert into Ticket(TripId,SeatCode,EstCost,Status,Date,LastCreatedDate,LastModifiedDate,IsDeleted) values (10,'A01',200,0,GETDATE(),GETDATE(),GETDATE(),0)
insert into Ticket(TripId,SeatCode,EstCost,Status,Date,LastCreatedDate,LastModifiedDate,IsDeleted) values (10,'A02',200,0,GETDATE(),GETDATE(),GETDATE(),0)
insert into Ticket(TripId,SeatCode,EstCost,Status,Date,LastCreatedDate,LastModifiedDate,IsDeleted) values (10,'A03',200,0,GETDATE(),GETDATE(),GETDATE(),0)
insert into Ticket(TripId,SeatCode,EstCost,Status,Date,LastCreatedDate,LastModifiedDate,IsDeleted) values (10,'A04',200,0,GETDATE(),GETDATE(),GETDATE(),0)
insert into Ticket(TripId,SeatCode,EstCost,Status,Date,LastCreatedDate,LastModifiedDate,IsDeleted) values (10,'A05',200,0,GETDATE(),GETDATE(),GETDATE(),0)
insert into Ticket(TripId,SeatCode,EstCost,Status,Date,LastCreatedDate,LastModifiedDate,IsDeleted) values (10,'A06',200,0,GETDATE(),GETDATE(),GETDATE(),0)
insert into Ticket(TripId,SeatCode,EstCost,Status,Date,LastCreatedDate,LastModifiedDate,IsDeleted) values (10,'A07',200,0,GETDATE(),GETDATE(),GETDATE(),0)
insert into Ticket(TripId,SeatCode,EstCost,Status,Date,LastCreatedDate,LastModifiedDate,IsDeleted) values (10,'A08',200,0,GETDATE(),GETDATE(),GETDATE(),0)
insert into Ticket(TripId,SeatCode,EstCost,Status,Date,LastCreatedDate,LastModifiedDate,IsDeleted) values (10,'A09',200,0,GETDATE(),GETDATE(),GETDATE(),0)
insert into Ticket(TripId,SeatCode,EstCost,Status,Date,LastCreatedDate,LastModifiedDate,IsDeleted) values (10,'A10',200,0,GETDATE(),GETDATE(),GETDATE(),0)
insert into Ticket(TripId,SeatCode,EstCost,Status,Date,LastCreatedDate,LastModifiedDate,IsDeleted) values (10,'A11',200,0,GETDATE(),GETDATE(),GETDATE(),0)
insert into Ticket(TripId,SeatCode,EstCost,Status,Date,LastCreatedDate,LastModifiedDate,IsDeleted) values (10,'A12',200,0,GETDATE(),GETDATE(),GETDATE(),0)
insert into Ticket(TripId,SeatCode,EstCost,Status,Date,LastCreatedDate,LastModifiedDate,IsDeleted) values (10,'A13',200,0,GETDATE(),GETDATE(),GETDATE(),0)
insert into Ticket(TripId,SeatCode,EstCost,Status,Date,LastCreatedDate,LastModifiedDate,IsDeleted) values (10,'A14',200,0,GETDATE(),GETDATE(),GETDATE(),0)
insert into Ticket(TripId,SeatCode,EstCost,Status,Date,LastCreatedDate,LastModifiedDate,IsDeleted) values (10,'A15',200,0,GETDATE(),GETDATE(),GETDATE(),0)
insert into Ticket(TripId,SeatCode,EstCost,Status,Date,LastCreatedDate,LastModifiedDate,IsDeleted) values (10,'A16',200,0,GETDATE(),GETDATE(),GETDATE(),0)
insert into Ticket(TripId,SeatCode,EstCost,Status,Date,LastCreatedDate,LastModifiedDate,IsDeleted) values (10,'A17',200,0,GETDATE(),GETDATE(),GETDATE(),0)
insert into Ticket(TripId,SeatCode,EstCost,Status,Date,LastCreatedDate,LastModifiedDate,IsDeleted) values (10,'A18',200,0,GETDATE(),GETDATE(),GETDATE(),0)
insert into Ticket(TripId,SeatCode,EstCost,Status,Date,LastCreatedDate,LastModifiedDate,IsDeleted) values (10,'A19',200,0,GETDATE(),GETDATE(),GETDATE(),0)
insert into Ticket(TripId,SeatCode,EstCost,Status,Date,LastCreatedDate,LastModifiedDate,IsDeleted) values (10,'A20',200,0,GETDATE(),GETDATE(),GETDATE(),0)
insert into Ticket(TripId,SeatCode,EstCost,Status,Date,LastCreatedDate,LastModifiedDate,IsDeleted) values (10,'A21',200,0,GETDATE(),GETDATE(),GETDATE(),0)
insert into Ticket(TripId,SeatCode,EstCost,Status,Date,LastCreatedDate,LastModifiedDate,IsDeleted) values (10,'A22',200,0,GETDATE(),GETDATE(),GETDATE(),0)
insert into Ticket(TripId,SeatCode,EstCost,Status,Date,LastCreatedDate,LastModifiedDate,IsDeleted) values (10,'A23',200,0,GETDATE(),GETDATE(),GETDATE(),0)
insert into Ticket(TripId,SeatCode,EstCost,Status,Date,LastCreatedDate,LastModifiedDate,IsDeleted) values (10,'A24',200,0,GETDATE(),GETDATE(),GETDATE(),0)
insert into Ticket(TripId,SeatCode,EstCost,Status,Date,LastCreatedDate,LastModifiedDate,IsDeleted) values (10,'A25',200,0,GETDATE(),GETDATE(),GETDATE(),0)
insert into Ticket(TripId,SeatCode,EstCost,Status,Date,LastCreatedDate,LastModifiedDate,IsDeleted) values (10,'A26',200,0,GETDATE(),GETDATE(),GETDATE(),0)
insert into Ticket(TripId,SeatCode,EstCost,Status,Date,LastCreatedDate,LastModifiedDate,IsDeleted) values (10,'A27',200,0,GETDATE(),GETDATE(),GETDATE(),0)
insert into Ticket(TripId,SeatCode,EstCost,Status,Date,LastCreatedDate,LastModifiedDate,IsDeleted) values (10,'A28',200,0,GETDATE(),GETDATE(),GETDATE(),0)
insert into Ticket(TripId,SeatCode,EstCost,Status,Date,LastCreatedDate,LastModifiedDate,IsDeleted) values (10,'A29',200,0,GETDATE(),GETDATE(),GETDATE(),0)
insert into Ticket(TripId,SeatCode,EstCost,Status,Date,LastCreatedDate,LastModifiedDate,IsDeleted) values (10,'A30',200,0,GETDATE(),GETDATE(),GETDATE(),0)
insert into Ticket(TripId,SeatCode,EstCost,Status,Date,LastCreatedDate,LastModifiedDate,IsDeleted) values (10,'A31',200,0,GETDATE(),GETDATE(),GETDATE(),0)
insert into Ticket(TripId,SeatCode,EstCost,Status,Date,LastCreatedDate,LastModifiedDate,IsDeleted) values (10,'A32',200,0,GETDATE(),GETDATE(),GETDATE(),0)
insert into Ticket(TripId,SeatCode,EstCost,Status,Date,LastCreatedDate,LastModifiedDate,IsDeleted) values (10,'A33',200,0,GETDATE(),GETDATE(),GETDATE(),0)
insert into Ticket(TripId,SeatCode,EstCost,Status,Date,LastCreatedDate,LastModifiedDate,IsDeleted) values (11,'A01',200,0,GETDATE(),GETDATE(),GETDATE(),0)
insert into Ticket(TripId,SeatCode,EstCost,Status,Date,LastCreatedDate,LastModifiedDate,IsDeleted) values (11,'A02',200,0,GETDATE(),GETDATE(),GETDATE(),0)
insert into Ticket(TripId,SeatCode,EstCost,Status,Date,LastCreatedDate,LastModifiedDate,IsDeleted) values (11,'A03',200,0,GETDATE(),GETDATE(),GETDATE(),0)
insert into Ticket(TripId,SeatCode,EstCost,Status,Date,LastCreatedDate,LastModifiedDate,IsDeleted) values (11,'A04',200,0,GETDATE(),GETDATE(),GETDATE(),0)
insert into Ticket(TripId,SeatCode,EstCost,Status,Date,LastCreatedDate,LastModifiedDate,IsDeleted) values (11,'A05',200,0,GETDATE(),GETDATE(),GETDATE(),0)
insert into Ticket(TripId,SeatCode,EstCost,Status,Date,LastCreatedDate,LastModifiedDate,IsDeleted) values (11,'A06',200,0,GETDATE(),GETDATE(),GETDATE(),0)
insert into Ticket(TripId,SeatCode,EstCost,Status,Date,LastCreatedDate,LastModifiedDate,IsDeleted) values (11,'A07',200,0,GETDATE(),GETDATE(),GETDATE(),0)
insert into Ticket(TripId,SeatCode,EstCost,Status,Date,LastCreatedDate,LastModifiedDate,IsDeleted) values (11,'A08',200,0,GETDATE(),GETDATE(),GETDATE(),0)
insert into Ticket(TripId,SeatCode,EstCost,Status,Date,LastCreatedDate,LastModifiedDate,IsDeleted) values (11,'A09',200,0,GETDATE(),GETDATE(),GETDATE(),0)
insert into Ticket(TripId,SeatCode,EstCost,Status,Date,LastCreatedDate,LastModifiedDate,IsDeleted) values (11,'A10',200,0,GETDATE(),GETDATE(),GETDATE(),0)
insert into Ticket(TripId,SeatCode,EstCost,Status,Date,LastCreatedDate,LastModifiedDate,IsDeleted) values (11,'A11',200,0,GETDATE(),GETDATE(),GETDATE(),0)
insert into Ticket(TripId,SeatCode,EstCost,Status,Date,LastCreatedDate,LastModifiedDate,IsDeleted) values (11,'A12',200,0,GETDATE(),GETDATE(),GETDATE(),0)
insert into Ticket(TripId,SeatCode,EstCost,Status,Date,LastCreatedDate,LastModifiedDate,IsDeleted) values (11,'A13',200,0,GETDATE(),GETDATE(),GETDATE(),0)
insert into Ticket(TripId,SeatCode,EstCost,Status,Date,LastCreatedDate,LastModifiedDate,IsDeleted) values (11,'A14',200,0,GETDATE(),GETDATE(),GETDATE(),0)
insert into Ticket(TripId,SeatCode,EstCost,Status,Date,LastCreatedDate,LastModifiedDate,IsDeleted) values (11,'A15',200,0,GETDATE(),GETDATE(),GETDATE(),0)
insert into Ticket(TripId,SeatCode,EstCost,Status,Date,LastCreatedDate,LastModifiedDate,IsDeleted) values (11,'A16',200,0,GETDATE(),GETDATE(),GETDATE(),0)
insert into Ticket(TripId,SeatCode,EstCost,Status,Date,LastCreatedDate,LastModifiedDate,IsDeleted) values (11,'A17',200,0,GETDATE(),GETDATE(),GETDATE(),0)
insert into Ticket(TripId,SeatCode,EstCost,Status,Date,LastCreatedDate,LastModifiedDate,IsDeleted) values (11,'A18',200,0,GETDATE(),GETDATE(),GETDATE(),0)
insert into Ticket(TripId,SeatCode,EstCost,Status,Date,LastCreatedDate,LastModifiedDate,IsDeleted) values (11,'A19',200,0,GETDATE(),GETDATE(),GETDATE(),0)
insert into Ticket(TripId,SeatCode,EstCost,Status,Date,LastCreatedDate,LastModifiedDate,IsDeleted) values (11,'A20',200,0,GETDATE(),GETDATE(),GETDATE(),0)
insert into Ticket(TripId,SeatCode,EstCost,Status,Date,LastCreatedDate,LastModifiedDate,IsDeleted) values (11,'A21',200,0,GETDATE(),GETDATE(),GETDATE(),0)
insert into Ticket(TripId,SeatCode,EstCost,Status,Date,LastCreatedDate,LastModifiedDate,IsDeleted) values (11,'A22',200,0,GETDATE(),GETDATE(),GETDATE(),0)
insert into Ticket(TripId,SeatCode,EstCost,Status,Date,LastCreatedDate,LastModifiedDate,IsDeleted) values (11,'A23',200,0,GETDATE(),GETDATE(),GETDATE(),0)
insert into Ticket(TripId,SeatCode,EstCost,Status,Date,LastCreatedDate,LastModifiedDate,IsDeleted) values (11,'A24',200,0,GETDATE(),GETDATE(),GETDATE(),0)
insert into Ticket(TripId,SeatCode,EstCost,Status,Date,LastCreatedDate,LastModifiedDate,IsDeleted) values (11,'A25',200,0,GETDATE(),GETDATE(),GETDATE(),0)
insert into Ticket(TripId,SeatCode,EstCost,Status,Date,LastCreatedDate,LastModifiedDate,IsDeleted) values (11,'A26',200,0,GETDATE(),GETDATE(),GETDATE(),0)
insert into Ticket(TripId,SeatCode,EstCost,Status,Date,LastCreatedDate,LastModifiedDate,IsDeleted) values (11,'A27',200,0,GETDATE(),GETDATE(),GETDATE(),0)
insert into Ticket(TripId,SeatCode,EstCost,Status,Date,LastCreatedDate,LastModifiedDate,IsDeleted) values (11,'A28',200,0,GETDATE(),GETDATE(),GETDATE(),0)
insert into Ticket(TripId,SeatCode,EstCost,Status,Date,LastCreatedDate,LastModifiedDate,IsDeleted) values (11,'A29',200,0,GETDATE(),GETDATE(),GETDATE(),0)
insert into Ticket(TripId,SeatCode,EstCost,Status,Date,LastCreatedDate,LastModifiedDate,IsDeleted) values (11,'A30',200,0,GETDATE(),GETDATE(),GETDATE(),0)
insert into Ticket(TripId,SeatCode,EstCost,Status,Date,LastCreatedDate,LastModifiedDate,IsDeleted) values (11,'A31',200,0,GETDATE(),GETDATE(),GETDATE(),0)
insert into Ticket(TripId,SeatCode,EstCost,Status,Date,LastCreatedDate,LastModifiedDate,IsDeleted) values (11,'A32',200,0,GETDATE(),GETDATE(),GETDATE(),0)
insert into Ticket(TripId,SeatCode,EstCost,Status,Date,LastCreatedDate,LastModifiedDate,IsDeleted) values (11,'A33',200,0,GETDATE(),GETDATE(),GETDATE(),0)
insert into Ticket(TripId,SeatCode,EstCost,Status,Date,LastCreatedDate,LastModifiedDate,IsDeleted) values (12,'A01',200,0,GETDATE(),GETDATE(),GETDATE(),0)
insert into Ticket(TripId,SeatCode,EstCost,Status,Date,LastCreatedDate,LastModifiedDate,IsDeleted) values (12,'A02',200,0,GETDATE(),GETDATE(),GETDATE(),0)
insert into Ticket(TripId,SeatCode,EstCost,Status,Date,LastCreatedDate,LastModifiedDate,IsDeleted) values (12,'A03',200,0,GETDATE(),GETDATE(),GETDATE(),0)
insert into Ticket(TripId,SeatCode,EstCost,Status,Date,LastCreatedDate,LastModifiedDate,IsDeleted) values (12,'A04',200,0,GETDATE(),GETDATE(),GETDATE(),0)
insert into Ticket(TripId,SeatCode,EstCost,Status,Date,LastCreatedDate,LastModifiedDate,IsDeleted) values (12,'A05',200,0,GETDATE(),GETDATE(),GETDATE(),0)
insert into Ticket(TripId,SeatCode,EstCost,Status,Date,LastCreatedDate,LastModifiedDate,IsDeleted) values (12,'A06',200,0,GETDATE(),GETDATE(),GETDATE(),0)
insert into Ticket(TripId,SeatCode,EstCost,Status,Date,LastCreatedDate,LastModifiedDate,IsDeleted) values (12,'A07',200,0,GETDATE(),GETDATE(),GETDATE(),0)
insert into Ticket(TripId,SeatCode,EstCost,Status,Date,LastCreatedDate,LastModifiedDate,IsDeleted) values (12,'A08',200,0,GETDATE(),GETDATE(),GETDATE(),0)
insert into Ticket(TripId,SeatCode,EstCost,Status,Date,LastCreatedDate,LastModifiedDate,IsDeleted) values (12,'A09',200,0,GETDATE(),GETDATE(),GETDATE(),0)
insert into Ticket(TripId,SeatCode,EstCost,Status,Date,LastCreatedDate,LastModifiedDate,IsDeleted) values (12,'A10',200,0,GETDATE(),GETDATE(),GETDATE(),0)
insert into Ticket(TripId,SeatCode,EstCost,Status,Date,LastCreatedDate,LastModifiedDate,IsDeleted) values (12,'A11',200,0,GETDATE(),GETDATE(),GETDATE(),0)
insert into Ticket(TripId,SeatCode,EstCost,Status,Date,LastCreatedDate,LastModifiedDate,IsDeleted) values (12,'A12',200,0,GETDATE(),GETDATE(),GETDATE(),0)
insert into Ticket(TripId,SeatCode,EstCost,Status,Date,LastCreatedDate,LastModifiedDate,IsDeleted) values (12,'A13',200,0,GETDATE(),GETDATE(),GETDATE(),0)
insert into Ticket(TripId,SeatCode,EstCost,Status,Date,LastCreatedDate,LastModifiedDate,IsDeleted) values (12,'A14',200,0,GETDATE(),GETDATE(),GETDATE(),0)
insert into Ticket(TripId,SeatCode,EstCost,Status,Date,LastCreatedDate,LastModifiedDate,IsDeleted) values (12,'A15',200,0,GETDATE(),GETDATE(),GETDATE(),0)
insert into Ticket(TripId,SeatCode,EstCost,Status,Date,LastCreatedDate,LastModifiedDate,IsDeleted) values (12,'A16',200,0,GETDATE(),GETDATE(),GETDATE(),0)
insert into Ticket(TripId,SeatCode,EstCost,Status,Date,LastCreatedDate,LastModifiedDate,IsDeleted) values (12,'A17',200,0,GETDATE(),GETDATE(),GETDATE(),0)
insert into Ticket(TripId,SeatCode,EstCost,Status,Date,LastCreatedDate,LastModifiedDate,IsDeleted) values (12,'A18',200,0,GETDATE(),GETDATE(),GETDATE(),0)
insert into Ticket(TripId,SeatCode,EstCost,Status,Date,LastCreatedDate,LastModifiedDate,IsDeleted) values (12,'A19',200,0,GETDATE(),GETDATE(),GETDATE(),0)
insert into Ticket(TripId,SeatCode,EstCost,Status,Date,LastCreatedDate,LastModifiedDate,IsDeleted) values (12,'A20',200,0,GETDATE(),GETDATE(),GETDATE(),0)
insert into Ticket(TripId,SeatCode,EstCost,Status,Date,LastCreatedDate,LastModifiedDate,IsDeleted) values (12,'A21',200,0,GETDATE(),GETDATE(),GETDATE(),0)
insert into Ticket(TripId,SeatCode,EstCost,Status,Date,LastCreatedDate,LastModifiedDate,IsDeleted) values (12,'A22',200,0,GETDATE(),GETDATE(),GETDATE(),0)
insert into Ticket(TripId,SeatCode,EstCost,Status,Date,LastCreatedDate,LastModifiedDate,IsDeleted) values (12,'A23',200,0,GETDATE(),GETDATE(),GETDATE(),0)
insert into Ticket(TripId,SeatCode,EstCost,Status,Date,LastCreatedDate,LastModifiedDate,IsDeleted) values (12,'A24',200,0,GETDATE(),GETDATE(),GETDATE(),0)
insert into Ticket(TripId,SeatCode,EstCost,Status,Date,LastCreatedDate,LastModifiedDate,IsDeleted) values (12,'A25',200,0,GETDATE(),GETDATE(),GETDATE(),0)
insert into Ticket(TripId,SeatCode,EstCost,Status,Date,LastCreatedDate,LastModifiedDate,IsDeleted) values (12,'A26',200,0,GETDATE(),GETDATE(),GETDATE(),0)
insert into Ticket(TripId,SeatCode,EstCost,Status,Date,LastCreatedDate,LastModifiedDate,IsDeleted) values (12,'A27',200,0,GETDATE(),GETDATE(),GETDATE(),0)
insert into Ticket(TripId,SeatCode,EstCost,Status,Date,LastCreatedDate,LastModifiedDate,IsDeleted) values (12,'A28',200,0,GETDATE(),GETDATE(),GETDATE(),0)
insert into Ticket(TripId,SeatCode,EstCost,Status,Date,LastCreatedDate,LastModifiedDate,IsDeleted) values (12,'A29',200,0,GETDATE(),GETDATE(),GETDATE(),0)
insert into Ticket(TripId,SeatCode,EstCost,Status,Date,LastCreatedDate,LastModifiedDate,IsDeleted) values (12,'A30',200,0,GETDATE(),GETDATE(),GETDATE(),0)
insert into Ticket(TripId,SeatCode,EstCost,Status,Date,LastCreatedDate,LastModifiedDate,IsDeleted) values (12,'A31',200,0,GETDATE(),GETDATE(),GETDATE(),0)
insert into Ticket(TripId,SeatCode,EstCost,Status,Date,LastCreatedDate,LastModifiedDate,IsDeleted) values (12,'A32',200,0,GETDATE(),GETDATE(),GETDATE(),0)
insert into Ticket(TripId,SeatCode,EstCost,Status,Date,LastCreatedDate,LastModifiedDate,IsDeleted) values (12,'A33',200,0,GETDATE(),GETDATE(),GETDATE(),0)

insert into Ticket(TripId,SeatCode,EstCost,Status,Date,LastCreatedDate,LastModifiedDate,IsDeleted) values (13,'A01',200,0,GETDATE(),GETDATE(),GETDATE(),0)
insert into Ticket(TripId,SeatCode,EstCost,Status,Date,LastCreatedDate,LastModifiedDate,IsDeleted) values (13,'A02',200,0,GETDATE(),GETDATE(),GETDATE(),0)
insert into Ticket(TripId,SeatCode,EstCost,Status,Date,LastCreatedDate,LastModifiedDate,IsDeleted) values (13,'A03',200,0,GETDATE(),GETDATE(),GETDATE(),0)
insert into Ticket(TripId,SeatCode,EstCost,Status,Date,LastCreatedDate,LastModifiedDate,IsDeleted) values (13,'A04',200,0,GETDATE(),GETDATE(),GETDATE(),0)
insert into Ticket(TripId,SeatCode,EstCost,Status,Date,LastCreatedDate,LastModifiedDate,IsDeleted) values (13,'A05',200,0,GETDATE(),GETDATE(),GETDATE(),0)
insert into Ticket(TripId,SeatCode,EstCost,Status,Date,LastCreatedDate,LastModifiedDate,IsDeleted) values (13,'A06',200,0,GETDATE(),GETDATE(),GETDATE(),0)
insert into Ticket(TripId,SeatCode,EstCost,Status,Date,LastCreatedDate,LastModifiedDate,IsDeleted) values (13,'A07',200,0,GETDATE(),GETDATE(),GETDATE(),0)
insert into Ticket(TripId,SeatCode,EstCost,Status,Date,LastCreatedDate,LastModifiedDate,IsDeleted) values (13,'A08',200,0,GETDATE(),GETDATE(),GETDATE(),0)
insert into Ticket(TripId,SeatCode,EstCost,Status,Date,LastCreatedDate,LastModifiedDate,IsDeleted) values (13,'A09',200,0,GETDATE(),GETDATE(),GETDATE(),0)
insert into Ticket(TripId,SeatCode,EstCost,Status,Date,LastCreatedDate,LastModifiedDate,IsDeleted) values (13,'A10',200,0,GETDATE(),GETDATE(),GETDATE(),0)
insert into Ticket(TripId,SeatCode,EstCost,Status,Date,LastCreatedDate,LastModifiedDate,IsDeleted) values (13,'A11',200,0,GETDATE(),GETDATE(),GETDATE(),0)
insert into Ticket(TripId,SeatCode,EstCost,Status,Date,LastCreatedDate,LastModifiedDate,IsDeleted) values (13,'A12',200,0,GETDATE(),GETDATE(),GETDATE(),0)
insert into Ticket(TripId,SeatCode,EstCost,Status,Date,LastCreatedDate,LastModifiedDate,IsDeleted) values (13,'A13',200,0,GETDATE(),GETDATE(),GETDATE(),0)
insert into Ticket(TripId,SeatCode,EstCost,Status,Date,LastCreatedDate,LastModifiedDate,IsDeleted) values (13,'A14',200,0,GETDATE(),GETDATE(),GETDATE(),0)
insert into Ticket(TripId,SeatCode,EstCost,Status,Date,LastCreatedDate,LastModifiedDate,IsDeleted) values (13,'A15',200,0,GETDATE(),GETDATE(),GETDATE(),0)
insert into Ticket(TripId,SeatCode,EstCost,Status,Date,LastCreatedDate,LastModifiedDate,IsDeleted) values (13,'A16',200,0,GETDATE(),GETDATE(),GETDATE(),0)
insert into Ticket(TripId,SeatCode,EstCost,Status,Date,LastCreatedDate,LastModifiedDate,IsDeleted) values (13,'A17',200,0,GETDATE(),GETDATE(),GETDATE(),0)
insert into Ticket(TripId,SeatCode,EstCost,Status,Date,LastCreatedDate,LastModifiedDate,IsDeleted) values (13,'A18',200,0,GETDATE(),GETDATE(),GETDATE(),0)
insert into Ticket(TripId,SeatCode,EstCost,Status,Date,LastCreatedDate,LastModifiedDate,IsDeleted) values (13,'A19',200,0,GETDATE(),GETDATE(),GETDATE(),0)
insert into Ticket(TripId,SeatCode,EstCost,Status,Date,LastCreatedDate,LastModifiedDate,IsDeleted) values (13,'A20',200,0,GETDATE(),GETDATE(),GETDATE(),0)
insert into Ticket(TripId,SeatCode,EstCost,Status,Date,LastCreatedDate,LastModifiedDate,IsDeleted) values (13,'A21',200,0,GETDATE(),GETDATE(),GETDATE(),0)
insert into Ticket(TripId,SeatCode,EstCost,Status,Date,LastCreatedDate,LastModifiedDate,IsDeleted) values (13,'A22',200,0,GETDATE(),GETDATE(),GETDATE(),0)
insert into Ticket(TripId,SeatCode,EstCost,Status,Date,LastCreatedDate,LastModifiedDate,IsDeleted) values (13,'A23',200,0,GETDATE(),GETDATE(),GETDATE(),0)
insert into Ticket(TripId,SeatCode,EstCost,Status,Date,LastCreatedDate,LastModifiedDate,IsDeleted) values (13,'A24',200,0,GETDATE(),GETDATE(),GETDATE(),0)
insert into Ticket(TripId,SeatCode,EstCost,Status,Date,LastCreatedDate,LastModifiedDate,IsDeleted) values (13,'A25',200,0,GETDATE(),GETDATE(),GETDATE(),0)
insert into Ticket(TripId,SeatCode,EstCost,Status,Date,LastCreatedDate,LastModifiedDate,IsDeleted) values (13,'A26',200,0,GETDATE(),GETDATE(),GETDATE(),0)
insert into Ticket(TripId,SeatCode,EstCost,Status,Date,LastCreatedDate,LastModifiedDate,IsDeleted) values (13,'A27',200,0,GETDATE(),GETDATE(),GETDATE(),0)
insert into Ticket(TripId,SeatCode,EstCost,Status,Date,LastCreatedDate,LastModifiedDate,IsDeleted) values (13,'A28',200,0,GETDATE(),GETDATE(),GETDATE(),0)
insert into Ticket(TripId,SeatCode,EstCost,Status,Date,LastCreatedDate,LastModifiedDate,IsDeleted) values (13,'A29',200,0,GETDATE(),GETDATE(),GETDATE(),0)
insert into Ticket(TripId,SeatCode,EstCost,Status,Date,LastCreatedDate,LastModifiedDate,IsDeleted) values (13,'A30',200,0,GETDATE(),GETDATE(),GETDATE(),0)
insert into Ticket(TripId,SeatCode,EstCost,Status,Date,LastCreatedDate,LastModifiedDate,IsDeleted) values (13,'A31',200,0,GETDATE(),GETDATE(),GETDATE(),0)
insert into Ticket(TripId,SeatCode,EstCost,Status,Date,LastCreatedDate,LastModifiedDate,IsDeleted) values (13,'A32',200,0,GETDATE(),GETDATE(),GETDATE(),0)
insert into Ticket(TripId,SeatCode,EstCost,Status,Date,LastCreatedDate,LastModifiedDate,IsDeleted) values (13,'A33',200,0,GETDATE(),GETDATE(),GETDATE(),0)
insert into Ticket(TripId,SeatCode,EstCost,Status,Date,LastCreatedDate,LastModifiedDate,IsDeleted) values (13,'A34',200,0,GETDATE(),GETDATE(),GETDATE(),0)
insert into Ticket(TripId,SeatCode,EstCost,Status,Date,LastCreatedDate,LastModifiedDate,IsDeleted) values (13,'A35',200,0,GETDATE(),GETDATE(),GETDATE(),0)
insert into Ticket(TripId,SeatCode,EstCost,Status,Date,LastCreatedDate,LastModifiedDate,IsDeleted) values (13,'A36',200,0,GETDATE(),GETDATE(),GETDATE(),0)
insert into Ticket(TripId,SeatCode,EstCost,Status,Date,LastCreatedDate,LastModifiedDate,IsDeleted) values (13,'A37',200,0,GETDATE(),GETDATE(),GETDATE(),0)
insert into Ticket(TripId,SeatCode,EstCost,Status,Date,LastCreatedDate,LastModifiedDate,IsDeleted) values (13,'A38',200,0,GETDATE(),GETDATE(),GETDATE(),0)
insert into Ticket(TripId,SeatCode,EstCost,Status,Date,LastCreatedDate,LastModifiedDate,IsDeleted) values (13,'A39',200,0,GETDATE(),GETDATE(),GETDATE(),0)
insert into Ticket(TripId,SeatCode,EstCost,Status,Date,LastCreatedDate,LastModifiedDate,IsDeleted) values (13,'A40',200,0,GETDATE(),GETDATE(),GETDATE(),0)
insert into Ticket(TripId,SeatCode,EstCost,Status,Date,LastCreatedDate,LastModifiedDate,IsDeleted) values (13,'A41',200,0,GETDATE(),GETDATE(),GETDATE(),0)
insert into Ticket(TripId,SeatCode,EstCost,Status,Date,LastCreatedDate,LastModifiedDate,IsDeleted) values (13,'A42',200,0,GETDATE(),GETDATE(),GETDATE(),0)
insert into Ticket(TripId,SeatCode,EstCost,Status,Date,LastCreatedDate,LastModifiedDate,IsDeleted) values (13,'A43',200,0,GETDATE(),GETDATE(),GETDATE(),0)
insert into Ticket(TripId,SeatCode,EstCost,Status,Date,LastCreatedDate,LastModifiedDate,IsDeleted) values (13,'A44',200,0,GETDATE(),GETDATE(),GETDATE(),0)
insert into Ticket(TripId,SeatCode,EstCost,Status,Date,LastCreatedDate,LastModifiedDate,IsDeleted) values (13,'A45',200,0,GETDATE(),GETDATE(),GETDATE(),0)

insert into Ticket(TripId,SeatCode,EstCost,Status,Date,LastCreatedDate,LastModifiedDate,IsDeleted) values (14,'A01',200,0,GETDATE(),GETDATE(),GETDATE(),0)
insert into Ticket(TripId,SeatCode,EstCost,Status,Date,LastCreatedDate,LastModifiedDate,IsDeleted) values (14,'A02',200,0,GETDATE(),GETDATE(),GETDATE(),0)
insert into Ticket(TripId,SeatCode,EstCost,Status,Date,LastCreatedDate,LastModifiedDate,IsDeleted) values (14,'A03',200,0,GETDATE(),GETDATE(),GETDATE(),0)
insert into Ticket(TripId,SeatCode,EstCost,Status,Date,LastCreatedDate,LastModifiedDate,IsDeleted) values (14,'A04',200,0,GETDATE(),GETDATE(),GETDATE(),0)
insert into Ticket(TripId,SeatCode,EstCost,Status,Date,LastCreatedDate,LastModifiedDate,IsDeleted) values (14,'A05',200,0,GETDATE(),GETDATE(),GETDATE(),0)
insert into Ticket(TripId,SeatCode,EstCost,Status,Date,LastCreatedDate,LastModifiedDate,IsDeleted) values (14,'A06',200,0,GETDATE(),GETDATE(),GETDATE(),0)
insert into Ticket(TripId,SeatCode,EstCost,Status,Date,LastCreatedDate,LastModifiedDate,IsDeleted) values (14,'A07',200,0,GETDATE(),GETDATE(),GETDATE(),0)
insert into Ticket(TripId,SeatCode,EstCost,Status,Date,LastCreatedDate,LastModifiedDate,IsDeleted) values (14,'A08',200,0,GETDATE(),GETDATE(),GETDATE(),0)
insert into Ticket(TripId,SeatCode,EstCost,Status,Date,LastCreatedDate,LastModifiedDate,IsDeleted) values (14,'A09',200,0,GETDATE(),GETDATE(),GETDATE(),0)
insert into Ticket(TripId,SeatCode,EstCost,Status,Date,LastCreatedDate,LastModifiedDate,IsDeleted) values (14,'A10',200,0,GETDATE(),GETDATE(),GETDATE(),0)
insert into Ticket(TripId,SeatCode,EstCost,Status,Date,LastCreatedDate,LastModifiedDate,IsDeleted) values (14,'A11',200,0,GETDATE(),GETDATE(),GETDATE(),0)
insert into Ticket(TripId,SeatCode,EstCost,Status,Date,LastCreatedDate,LastModifiedDate,IsDeleted) values (14,'A12',200,0,GETDATE(),GETDATE(),GETDATE(),0)
insert into Ticket(TripId,SeatCode,EstCost,Status,Date,LastCreatedDate,LastModifiedDate,IsDeleted) values (14,'A13',200,0,GETDATE(),GETDATE(),GETDATE(),0)
insert into Ticket(TripId,SeatCode,EstCost,Status,Date,LastCreatedDate,LastModifiedDate,IsDeleted) values (14,'A14',200,0,GETDATE(),GETDATE(),GETDATE(),0)
insert into Ticket(TripId,SeatCode,EstCost,Status,Date,LastCreatedDate,LastModifiedDate,IsDeleted) values (14,'A15',200,0,GETDATE(),GETDATE(),GETDATE(),0)
insert into Ticket(TripId,SeatCode,EstCost,Status,Date,LastCreatedDate,LastModifiedDate,IsDeleted) values (14,'A16',200,0,GETDATE(),GETDATE(),GETDATE(),0)
insert into Ticket(TripId,SeatCode,EstCost,Status,Date,LastCreatedDate,LastModifiedDate,IsDeleted) values (14,'A17',200,0,GETDATE(),GETDATE(),GETDATE(),0)
insert into Ticket(TripId,SeatCode,EstCost,Status,Date,LastCreatedDate,LastModifiedDate,IsDeleted) values (14,'A18',200,0,GETDATE(),GETDATE(),GETDATE(),0)
insert into Ticket(TripId,SeatCode,EstCost,Status,Date,LastCreatedDate,LastModifiedDate,IsDeleted) values (14,'A19',200,0,GETDATE(),GETDATE(),GETDATE(),0)
insert into Ticket(TripId,SeatCode,EstCost,Status,Date,LastCreatedDate,LastModifiedDate,IsDeleted) values (14,'A20',200,0,GETDATE(),GETDATE(),GETDATE(),0)
insert into Ticket(TripId,SeatCode,EstCost,Status,Date,LastCreatedDate,LastModifiedDate,IsDeleted) values (14,'A21',200,0,GETDATE(),GETDATE(),GETDATE(),0)
insert into Ticket(TripId,SeatCode,EstCost,Status,Date,LastCreatedDate,LastModifiedDate,IsDeleted) values (14,'A22',200,0,GETDATE(),GETDATE(),GETDATE(),0)
insert into Ticket(TripId,SeatCode,EstCost,Status,Date,LastCreatedDate,LastModifiedDate,IsDeleted) values (14,'A23',200,0,GETDATE(),GETDATE(),GETDATE(),0)
insert into Ticket(TripId,SeatCode,EstCost,Status,Date,LastCreatedDate,LastModifiedDate,IsDeleted) values (14,'A24',200,0,GETDATE(),GETDATE(),GETDATE(),0)
insert into Ticket(TripId,SeatCode,EstCost,Status,Date,LastCreatedDate,LastModifiedDate,IsDeleted) values (14,'A25',200,0,GETDATE(),GETDATE(),GETDATE(),0)
insert into Ticket(TripId,SeatCode,EstCost,Status,Date,LastCreatedDate,LastModifiedDate,IsDeleted) values (14,'A26',200,0,GETDATE(),GETDATE(),GETDATE(),0)
insert into Ticket(TripId,SeatCode,EstCost,Status,Date,LastCreatedDate,LastModifiedDate,IsDeleted) values (14,'A27',200,0,GETDATE(),GETDATE(),GETDATE(),0)
insert into Ticket(TripId,SeatCode,EstCost,Status,Date,LastCreatedDate,LastModifiedDate,IsDeleted) values (14,'A28',200,0,GETDATE(),GETDATE(),GETDATE(),0)
insert into Ticket(TripId,SeatCode,EstCost,Status,Date,LastCreatedDate,LastModifiedDate,IsDeleted) values (14,'A29',200,0,GETDATE(),GETDATE(),GETDATE(),0)
insert into Ticket(TripId,SeatCode,EstCost,Status,Date,LastCreatedDate,LastModifiedDate,IsDeleted) values (14,'A30',200,0,GETDATE(),GETDATE(),GETDATE(),0)
insert into Ticket(TripId,SeatCode,EstCost,Status,Date,LastCreatedDate,LastModifiedDate,IsDeleted) values (14,'A31',200,0,GETDATE(),GETDATE(),GETDATE(),0)
insert into Ticket(TripId,SeatCode,EstCost,Status,Date,LastCreatedDate,LastModifiedDate,IsDeleted) values (14,'A32',200,0,GETDATE(),GETDATE(),GETDATE(),0)
insert into Ticket(TripId,SeatCode,EstCost,Status,Date,LastCreatedDate,LastModifiedDate,IsDeleted) values (14,'A33',200,0,GETDATE(),GETDATE(),GETDATE(),0)
insert into Ticket(TripId,SeatCode,EstCost,Status,Date,LastCreatedDate,LastModifiedDate,IsDeleted) values (14,'A34',200,0,GETDATE(),GETDATE(),GETDATE(),0)
insert into Ticket(TripId,SeatCode,EstCost,Status,Date,LastCreatedDate,LastModifiedDate,IsDeleted) values (14,'A35',200,0,GETDATE(),GETDATE(),GETDATE(),0)
insert into Ticket(TripId,SeatCode,EstCost,Status,Date,LastCreatedDate,LastModifiedDate,IsDeleted) values (14,'A36',200,0,GETDATE(),GETDATE(),GETDATE(),0)
insert into Ticket(TripId,SeatCode,EstCost,Status,Date,LastCreatedDate,LastModifiedDate,IsDeleted) values (14,'A37',200,0,GETDATE(),GETDATE(),GETDATE(),0)
insert into Ticket(TripId,SeatCode,EstCost,Status,Date,LastCreatedDate,LastModifiedDate,IsDeleted) values (14,'A38',200,0,GETDATE(),GETDATE(),GETDATE(),0)
insert into Ticket(TripId,SeatCode,EstCost,Status,Date,LastCreatedDate,LastModifiedDate,IsDeleted) values (14,'A39',200,0,GETDATE(),GETDATE(),GETDATE(),0)
insert into Ticket(TripId,SeatCode,EstCost,Status,Date,LastCreatedDate,LastModifiedDate,IsDeleted) values (14,'A40',200,0,GETDATE(),GETDATE(),GETDATE(),0)
insert into Ticket(TripId,SeatCode,EstCost,Status,Date,LastCreatedDate,LastModifiedDate,IsDeleted) values (14,'A41',200,0,GETDATE(),GETDATE(),GETDATE(),0)
insert into Ticket(TripId,SeatCode,EstCost,Status,Date,LastCreatedDate,LastModifiedDate,IsDeleted) values (14,'A42',200,0,GETDATE(),GETDATE(),GETDATE(),0)
insert into Ticket(TripId,SeatCode,EstCost,Status,Date,LastCreatedDate,LastModifiedDate,IsDeleted) values (14,'A43',200,0,GETDATE(),GETDATE(),GETDATE(),0)
insert into Ticket(TripId,SeatCode,EstCost,Status,Date,LastCreatedDate,LastModifiedDate,IsDeleted) values (14,'A44',200,0,GETDATE(),GETDATE(),GETDATE(),0)
insert into Ticket(TripId,SeatCode,EstCost,Status,Date,LastCreatedDate,LastModifiedDate,IsDeleted) values (14,'A45',200,0,GETDATE(),GETDATE(),GETDATE(),0)

insert into Ticket(TripId,SeatCode,EstCost,Status,Date,LastCreatedDate,LastModifiedDate,IsDeleted) values (15,'A01',200,0,GETDATE(),GETDATE(),GETDATE(),0)
insert into Ticket(TripId,SeatCode,EstCost,Status,Date,LastCreatedDate,LastModifiedDate,IsDeleted) values (15,'A02',200,0,GETDATE(),GETDATE(),GETDATE(),0)
insert into Ticket(TripId,SeatCode,EstCost,Status,Date,LastCreatedDate,LastModifiedDate,IsDeleted) values (15,'A03',200,0,GETDATE(),GETDATE(),GETDATE(),0)
insert into Ticket(TripId,SeatCode,EstCost,Status,Date,LastCreatedDate,LastModifiedDate,IsDeleted) values (15,'A04',200,0,GETDATE(),GETDATE(),GETDATE(),0)
insert into Ticket(TripId,SeatCode,EstCost,Status,Date,LastCreatedDate,LastModifiedDate,IsDeleted) values (15,'A05',200,0,GETDATE(),GETDATE(),GETDATE(),0)
insert into Ticket(TripId,SeatCode,EstCost,Status,Date,LastCreatedDate,LastModifiedDate,IsDeleted) values (15,'A06',200,0,GETDATE(),GETDATE(),GETDATE(),0)
insert into Ticket(TripId,SeatCode,EstCost,Status,Date,LastCreatedDate,LastModifiedDate,IsDeleted) values (15,'A07',200,0,GETDATE(),GETDATE(),GETDATE(),0)
insert into Ticket(TripId,SeatCode,EstCost,Status,Date,LastCreatedDate,LastModifiedDate,IsDeleted) values (15,'A08',200,0,GETDATE(),GETDATE(),GETDATE(),0)
insert into Ticket(TripId,SeatCode,EstCost,Status,Date,LastCreatedDate,LastModifiedDate,IsDeleted) values (15,'A09',200,0,GETDATE(),GETDATE(),GETDATE(),0)
insert into Ticket(TripId,SeatCode,EstCost,Status,Date,LastCreatedDate,LastModifiedDate,IsDeleted) values (15,'A10',200,0,GETDATE(),GETDATE(),GETDATE(),0)
insert into Ticket(TripId,SeatCode,EstCost,Status,Date,LastCreatedDate,LastModifiedDate,IsDeleted) values (15,'A11',200,0,GETDATE(),GETDATE(),GETDATE(),0)
insert into Ticket(TripId,SeatCode,EstCost,Status,Date,LastCreatedDate,LastModifiedDate,IsDeleted) values (15,'A12',200,0,GETDATE(),GETDATE(),GETDATE(),0)
insert into Ticket(TripId,SeatCode,EstCost,Status,Date,LastCreatedDate,LastModifiedDate,IsDeleted) values (15,'A13',200,0,GETDATE(),GETDATE(),GETDATE(),0)
insert into Ticket(TripId,SeatCode,EstCost,Status,Date,LastCreatedDate,LastModifiedDate,IsDeleted) values (15,'A14',200,0,GETDATE(),GETDATE(),GETDATE(),0)
insert into Ticket(TripId,SeatCode,EstCost,Status,Date,LastCreatedDate,LastModifiedDate,IsDeleted) values (15,'A15',200,0,GETDATE(),GETDATE(),GETDATE(),0)
insert into Ticket(TripId,SeatCode,EstCost,Status,Date,LastCreatedDate,LastModifiedDate,IsDeleted) values (15,'A16',200,0,GETDATE(),GETDATE(),GETDATE(),0)
insert into Ticket(TripId,SeatCode,EstCost,Status,Date,LastCreatedDate,LastModifiedDate,IsDeleted) values (15,'A17',200,0,GETDATE(),GETDATE(),GETDATE(),0)
insert into Ticket(TripId,SeatCode,EstCost,Status,Date,LastCreatedDate,LastModifiedDate,IsDeleted) values (15,'A18',200,0,GETDATE(),GETDATE(),GETDATE(),0)
insert into Ticket(TripId,SeatCode,EstCost,Status,Date,LastCreatedDate,LastModifiedDate,IsDeleted) values (15,'A19',200,0,GETDATE(),GETDATE(),GETDATE(),0)
insert into Ticket(TripId,SeatCode,EstCost,Status,Date,LastCreatedDate,LastModifiedDate,IsDeleted) values (15,'A20',200,0,GETDATE(),GETDATE(),GETDATE(),0)
insert into Ticket(TripId,SeatCode,EstCost,Status,Date,LastCreatedDate,LastModifiedDate,IsDeleted) values (15,'A21',200,0,GETDATE(),GETDATE(),GETDATE(),0)
insert into Ticket(TripId,SeatCode,EstCost,Status,Date,LastCreatedDate,LastModifiedDate,IsDeleted) values (15,'A22',200,0,GETDATE(),GETDATE(),GETDATE(),0)
insert into Ticket(TripId,SeatCode,EstCost,Status,Date,LastCreatedDate,LastModifiedDate,IsDeleted) values (15,'A23',200,0,GETDATE(),GETDATE(),GETDATE(),0)
insert into Ticket(TripId,SeatCode,EstCost,Status,Date,LastCreatedDate,LastModifiedDate,IsDeleted) values (15,'A24',200,0,GETDATE(),GETDATE(),GETDATE(),0)
insert into Ticket(TripId,SeatCode,EstCost,Status,Date,LastCreatedDate,LastModifiedDate,IsDeleted) values (15,'A25',200,0,GETDATE(),GETDATE(),GETDATE(),0)
insert into Ticket(TripId,SeatCode,EstCost,Status,Date,LastCreatedDate,LastModifiedDate,IsDeleted) values (15,'A26',200,0,GETDATE(),GETDATE(),GETDATE(),0)
insert into Ticket(TripId,SeatCode,EstCost,Status,Date,LastCreatedDate,LastModifiedDate,IsDeleted) values (15,'A27',200,0,GETDATE(),GETDATE(),GETDATE(),0)
insert into Ticket(TripId,SeatCode,EstCost,Status,Date,LastCreatedDate,LastModifiedDate,IsDeleted) values (15,'A28',200,0,GETDATE(),GETDATE(),GETDATE(),0)
insert into Ticket(TripId,SeatCode,EstCost,Status,Date,LastCreatedDate,LastModifiedDate,IsDeleted) values (15,'A29',200,0,GETDATE(),GETDATE(),GETDATE(),0)
insert into Ticket(TripId,SeatCode,EstCost,Status,Date,LastCreatedDate,LastModifiedDate,IsDeleted) values (15,'A30',200,0,GETDATE(),GETDATE(),GETDATE(),0)
insert into Ticket(TripId,SeatCode,EstCost,Status,Date,LastCreatedDate,LastModifiedDate,IsDeleted) values (15,'A31',200,0,GETDATE(),GETDATE(),GETDATE(),0)
insert into Ticket(TripId,SeatCode,EstCost,Status,Date,LastCreatedDate,LastModifiedDate,IsDeleted) values (15,'A32',200,0,GETDATE(),GETDATE(),GETDATE(),0)
insert into Ticket(TripId,SeatCode,EstCost,Status,Date,LastCreatedDate,LastModifiedDate,IsDeleted) values (15,'A33',200,0,GETDATE(),GETDATE(),GETDATE(),0)
insert into Ticket(TripId,SeatCode,EstCost,Status,Date,LastCreatedDate,LastModifiedDate,IsDeleted) values (15,'A34',200,0,GETDATE(),GETDATE(),GETDATE(),0)
insert into Ticket(TripId,SeatCode,EstCost,Status,Date,LastCreatedDate,LastModifiedDate,IsDeleted) values (15,'A35',200,0,GETDATE(),GETDATE(),GETDATE(),0)
insert into Ticket(TripId,SeatCode,EstCost,Status,Date,LastCreatedDate,LastModifiedDate,IsDeleted) values (15,'A36',200,0,GETDATE(),GETDATE(),GETDATE(),0)
insert into Ticket(TripId,SeatCode,EstCost,Status,Date,LastCreatedDate,LastModifiedDate,IsDeleted) values (15,'A37',200,0,GETDATE(),GETDATE(),GETDATE(),0)
insert into Ticket(TripId,SeatCode,EstCost,Status,Date,LastCreatedDate,LastModifiedDate,IsDeleted) values (15,'A38',200,0,GETDATE(),GETDATE(),GETDATE(),0)
insert into Ticket(TripId,SeatCode,EstCost,Status,Date,LastCreatedDate,LastModifiedDate,IsDeleted) values (15,'A39',200,0,GETDATE(),GETDATE(),GETDATE(),0)
insert into Ticket(TripId,SeatCode,EstCost,Status,Date,LastCreatedDate,LastModifiedDate,IsDeleted) values (15,'A40',200,0,GETDATE(),GETDATE(),GETDATE(),0)
insert into Ticket(TripId,SeatCode,EstCost,Status,Date,LastCreatedDate,LastModifiedDate,IsDeleted) values (15,'A41',200,0,GETDATE(),GETDATE(),GETDATE(),0)
insert into Ticket(TripId,SeatCode,EstCost,Status,Date,LastCreatedDate,LastModifiedDate,IsDeleted) values (15,'A42',200,0,GETDATE(),GETDATE(),GETDATE(),0)
insert into Ticket(TripId,SeatCode,EstCost,Status,Date,LastCreatedDate,LastModifiedDate,IsDeleted) values (15,'A43',200,0,GETDATE(),GETDATE(),GETDATE(),0)
insert into Ticket(TripId,SeatCode,EstCost,Status,Date,LastCreatedDate,LastModifiedDate,IsDeleted) values (15,'A44',200,0,GETDATE(),GETDATE(),GETDATE(),0)
insert into Ticket(TripId,SeatCode,EstCost,Status,Date,LastCreatedDate,LastModifiedDate,IsDeleted) values (15,'A45',200,0,GETDATE(),GETDATE(),GETDATE(),0)

insert into Ticket(TripId,SeatCode,EstCost,Status,Date,LastCreatedDate,LastModifiedDate,IsDeleted) values (16,'A01',200,0,GETDATE(),GETDATE(),GETDATE(),0)
insert into Ticket(TripId,SeatCode,EstCost,Status,Date,LastCreatedDate,LastModifiedDate,IsDeleted) values (16,'A02',200,0,GETDATE(),GETDATE(),GETDATE(),0)
insert into Ticket(TripId,SeatCode,EstCost,Status,Date,LastCreatedDate,LastModifiedDate,IsDeleted) values (16,'A03',200,0,GETDATE(),GETDATE(),GETDATE(),0)
insert into Ticket(TripId,SeatCode,EstCost,Status,Date,LastCreatedDate,LastModifiedDate,IsDeleted) values (16,'A04',200,0,GETDATE(),GETDATE(),GETDATE(),0)
insert into Ticket(TripId,SeatCode,EstCost,Status,Date,LastCreatedDate,LastModifiedDate,IsDeleted) values (16,'A05',200,0,GETDATE(),GETDATE(),GETDATE(),0)
insert into Ticket(TripId,SeatCode,EstCost,Status,Date,LastCreatedDate,LastModifiedDate,IsDeleted) values (16,'A06',200,0,GETDATE(),GETDATE(),GETDATE(),0)
insert into Ticket(TripId,SeatCode,EstCost,Status,Date,LastCreatedDate,LastModifiedDate,IsDeleted) values (16,'A07',200,0,GETDATE(),GETDATE(),GETDATE(),0)
insert into Ticket(TripId,SeatCode,EstCost,Status,Date,LastCreatedDate,LastModifiedDate,IsDeleted) values (16,'A08',200,0,GETDATE(),GETDATE(),GETDATE(),0)
insert into Ticket(TripId,SeatCode,EstCost,Status,Date,LastCreatedDate,LastModifiedDate,IsDeleted) values (16,'A09',200,0,GETDATE(),GETDATE(),GETDATE(),0)
insert into Ticket(TripId,SeatCode,EstCost,Status,Date,LastCreatedDate,LastModifiedDate,IsDeleted) values (16,'A10',200,0,GETDATE(),GETDATE(),GETDATE(),0)
insert into Ticket(TripId,SeatCode,EstCost,Status,Date,LastCreatedDate,LastModifiedDate,IsDeleted) values (16,'A11',200,0,GETDATE(),GETDATE(),GETDATE(),0)
insert into Ticket(TripId,SeatCode,EstCost,Status,Date,LastCreatedDate,LastModifiedDate,IsDeleted) values (16,'A12',200,0,GETDATE(),GETDATE(),GETDATE(),0)
insert into Ticket(TripId,SeatCode,EstCost,Status,Date,LastCreatedDate,LastModifiedDate,IsDeleted) values (16,'A13',200,0,GETDATE(),GETDATE(),GETDATE(),0)
insert into Ticket(TripId,SeatCode,EstCost,Status,Date,LastCreatedDate,LastModifiedDate,IsDeleted) values (16,'A14',200,0,GETDATE(),GETDATE(),GETDATE(),0)
insert into Ticket(TripId,SeatCode,EstCost,Status,Date,LastCreatedDate,LastModifiedDate,IsDeleted) values (16,'A15',200,0,GETDATE(),GETDATE(),GETDATE(),0)
insert into Ticket(TripId,SeatCode,EstCost,Status,Date,LastCreatedDate,LastModifiedDate,IsDeleted) values (16,'A16',200,0,GETDATE(),GETDATE(),GETDATE(),0)
insert into Ticket(TripId,SeatCode,EstCost,Status,Date,LastCreatedDate,LastModifiedDate,IsDeleted) values (16,'A17',200,0,GETDATE(),GETDATE(),GETDATE(),0)
insert into Ticket(TripId,SeatCode,EstCost,Status,Date,LastCreatedDate,LastModifiedDate,IsDeleted) values (16,'A18',200,0,GETDATE(),GETDATE(),GETDATE(),0)
insert into Ticket(TripId,SeatCode,EstCost,Status,Date,LastCreatedDate,LastModifiedDate,IsDeleted) values (16,'A19',200,0,GETDATE(),GETDATE(),GETDATE(),0)
insert into Ticket(TripId,SeatCode,EstCost,Status,Date,LastCreatedDate,LastModifiedDate,IsDeleted) values (16,'A20',200,0,GETDATE(),GETDATE(),GETDATE(),0)
insert into Ticket(TripId,SeatCode,EstCost,Status,Date,LastCreatedDate,LastModifiedDate,IsDeleted) values (16,'A21',200,0,GETDATE(),GETDATE(),GETDATE(),0)
insert into Ticket(TripId,SeatCode,EstCost,Status,Date,LastCreatedDate,LastModifiedDate,IsDeleted) values (16,'A22',200,0,GETDATE(),GETDATE(),GETDATE(),0)
insert into Ticket(TripId,SeatCode,EstCost,Status,Date,LastCreatedDate,LastModifiedDate,IsDeleted) values (16,'A23',200,0,GETDATE(),GETDATE(),GETDATE(),0)
insert into Ticket(TripId,SeatCode,EstCost,Status,Date,LastCreatedDate,LastModifiedDate,IsDeleted) values (16,'A24',200,0,GETDATE(),GETDATE(),GETDATE(),0)
insert into Ticket(TripId,SeatCode,EstCost,Status,Date,LastCreatedDate,LastModifiedDate,IsDeleted) values (16,'A25',200,0,GETDATE(),GETDATE(),GETDATE(),0)
insert into Ticket(TripId,SeatCode,EstCost,Status,Date,LastCreatedDate,LastModifiedDate,IsDeleted) values (16,'A26',200,0,GETDATE(),GETDATE(),GETDATE(),0)
insert into Ticket(TripId,SeatCode,EstCost,Status,Date,LastCreatedDate,LastModifiedDate,IsDeleted) values (16,'A27',200,0,GETDATE(),GETDATE(),GETDATE(),0)
insert into Ticket(TripId,SeatCode,EstCost,Status,Date,LastCreatedDate,LastModifiedDate,IsDeleted) values (16,'A28',200,0,GETDATE(),GETDATE(),GETDATE(),0)
insert into Ticket(TripId,SeatCode,EstCost,Status,Date,LastCreatedDate,LastModifiedDate,IsDeleted) values (16,'A29',200,0,GETDATE(),GETDATE(),GETDATE(),0)
insert into Ticket(TripId,SeatCode,EstCost,Status,Date,LastCreatedDate,LastModifiedDate,IsDeleted) values (16,'A30',200,0,GETDATE(),GETDATE(),GETDATE(),0)
insert into Ticket(TripId,SeatCode,EstCost,Status,Date,LastCreatedDate,LastModifiedDate,IsDeleted) values (16,'A31',200,0,GETDATE(),GETDATE(),GETDATE(),0)
insert into Ticket(TripId,SeatCode,EstCost,Status,Date,LastCreatedDate,LastModifiedDate,IsDeleted) values (16,'A32',200,0,GETDATE(),GETDATE(),GETDATE(),0)
insert into Ticket(TripId,SeatCode,EstCost,Status,Date,LastCreatedDate,LastModifiedDate,IsDeleted) values (16,'A33',200,0,GETDATE(),GETDATE(),GETDATE(),0)
insert into Ticket(TripId,SeatCode,EstCost,Status,Date,LastCreatedDate,LastModifiedDate,IsDeleted) values (16,'A34',200,0,GETDATE(),GETDATE(),GETDATE(),0)
insert into Ticket(TripId,SeatCode,EstCost,Status,Date,LastCreatedDate,LastModifiedDate,IsDeleted) values (16,'A35',200,0,GETDATE(),GETDATE(),GETDATE(),0)
insert into Ticket(TripId,SeatCode,EstCost,Status,Date,LastCreatedDate,LastModifiedDate,IsDeleted) values (16,'A36',200,0,GETDATE(),GETDATE(),GETDATE(),0)
insert into Ticket(TripId,SeatCode,EstCost,Status,Date,LastCreatedDate,LastModifiedDate,IsDeleted) values (16,'A37',200,0,GETDATE(),GETDATE(),GETDATE(),0)
insert into Ticket(TripId,SeatCode,EstCost,Status,Date,LastCreatedDate,LastModifiedDate,IsDeleted) values (16,'A38',200,0,GETDATE(),GETDATE(),GETDATE(),0)
insert into Ticket(TripId,SeatCode,EstCost,Status,Date,LastCreatedDate,LastModifiedDate,IsDeleted) values (16,'A39',200,0,GETDATE(),GETDATE(),GETDATE(),0)
insert into Ticket(TripId,SeatCode,EstCost,Status,Date,LastCreatedDate,LastModifiedDate,IsDeleted) values (16,'A40',200,0,GETDATE(),GETDATE(),GETDATE(),0)
insert into Ticket(TripId,SeatCode,EstCost,Status,Date,LastCreatedDate,LastModifiedDate,IsDeleted) values (16,'A41',200,0,GETDATE(),GETDATE(),GETDATE(),0)
insert into Ticket(TripId,SeatCode,EstCost,Status,Date,LastCreatedDate,LastModifiedDate,IsDeleted) values (16,'A42',200,0,GETDATE(),GETDATE(),GETDATE(),0)
insert into Ticket(TripId,SeatCode,EstCost,Status,Date,LastCreatedDate,LastModifiedDate,IsDeleted) values (16,'A43',200,0,GETDATE(),GETDATE(),GETDATE(),0)
insert into Ticket(TripId,SeatCode,EstCost,Status,Date,LastCreatedDate,LastModifiedDate,IsDeleted) values (16,'A44',200,0,GETDATE(),GETDATE(),GETDATE(),0)
insert into Ticket(TripId,SeatCode,EstCost,Status,Date,LastCreatedDate,LastModifiedDate,IsDeleted) values (16,'A45',200,0,GETDATE(),GETDATE(),GETDATE(),0)

--seed data for PositionEvent

INSERT INTO PositionEvent(Latitude,Longitude,Date) values(10.783593, 106.694904, GETDATE())
INSERT INTO PositionEvent(Latitude,Longitude,Date) values(10.783593, 106.694904, GETDATE())
INSERT INTO PositionEvent(Latitude,Longitude,Date) values(10.783593, 106.694904, GETDATE())
INSERT INTO PositionEvent(Latitude,Longitude,Date) values(10.783593, 106.694904, GETDATE())
INSERT INTO PositionEvent(Latitude,Longitude,Date) values(10.783593, 106.694904, GETDATE())
INSERT INTO PositionEvent(Latitude,Longitude,Date) values(10.783593, 106.694904, GETDATE())
INSERT INTO PositionEvent(Latitude,Longitude,Date) values(10.783593, 106.694904, GETDATE())
INSERT INTO PositionEvent(Latitude,Longitude,Date) values(10.783593, 106.694904, GETDATE())
INSERT INTO PositionEvent(Latitude,Longitude,Date) values(10.783593, 106.694904, GETDATE())
INSERT INTO PositionEvent(Latitude,Longitude,Date) values(10.783593, 106.694904, GETDATE())
INSERT INTO PositionEvent(Latitude,Longitude,Date) values(10.783593, 106.694904, GETDATE())
INSERT INTO PositionEvent(Latitude,Longitude,Date) values(10.783593, 106.694904, GETDATE())
INSERT INTO PositionEvent(Latitude,Longitude,Date) values(10.783593, 106.694904, GETDATE())
INSERT INTO PositionEvent(Latitude,Longitude,Date) values(10.783593, 106.694904, GETDATE())
INSERT INTO PositionEvent(Latitude,Longitude,Date) values(10.783593, 106.694904, GETDATE())
INSERT INTO PositionEvent(Latitude,Longitude,Date) values(10.783593, 106.694904, GETDATE())
INSERT INTO PositionEvent(Latitude,Longitude,Date) values(10.783593, 106.694904, GETDATE())
INSERT INTO PositionEvent(Latitude,Longitude,Date) values(10.783593, 106.694904, GETDATE())
INSERT INTO PositionEvent(Latitude,Longitude,Date) values(10.783593, 106.694904, GETDATE())

INSERT INTO PositionEvent(Latitude,Longitude,Date) values(10.826026, 106.680180, GETDATE())
INSERT INTO PositionEvent(Latitude,Longitude,Date) values(10.826026, 106.680180, GETDATE())
INSERT INTO PositionEvent(Latitude,Longitude,Date) values(10.826026, 106.680180, GETDATE())
INSERT INTO PositionEvent(Latitude,Longitude,Date) values(10.826026, 106.680180, GETDATE())
INSERT INTO PositionEvent(Latitude,Longitude,Date) values(10.826026, 106.680180, GETDATE())
INSERT INTO PositionEvent(Latitude,Longitude,Date) values(10.826026, 106.680180, GETDATE())
INSERT INTO PositionEvent(Latitude,Longitude,Date) values(10.826026, 106.680180, GETDATE())
INSERT INTO PositionEvent(Latitude,Longitude,Date) values(10.826026, 106.680180, GETDATE())
INSERT INTO PositionEvent(Latitude,Longitude,Date) values(10.826026, 106.680180, GETDATE())
INSERT INTO PositionEvent(Latitude,Longitude,Date) values(10.826026, 106.680180, GETDATE())

INSERT INTO PositionEvent(Latitude,Longitude,Date) values(10.716688, 106.703036, GETDATE())
INSERT INTO PositionEvent(Latitude,Longitude,Date) values(10.716688, 106.703036, GETDATE())
INSERT INTO PositionEvent(Latitude,Longitude,Date) values(10.716688, 106.703036, GETDATE())
INSERT INTO PositionEvent(Latitude,Longitude,Date) values(10.716688, 106.703036, GETDATE())
INSERT INTO PositionEvent(Latitude,Longitude,Date) values(10.716688, 106.703036, GETDATE())
INSERT INTO PositionEvent(Latitude,Longitude,Date) values(10.716688, 106.703036, GETDATE())
INSERT INTO PositionEvent(Latitude,Longitude,Date) values(10.716688, 106.703036, GETDATE())
INSERT INTO PositionEvent(Latitude,Longitude,Date) values(10.716688, 106.703036, GETDATE())
INSERT INTO PositionEvent(Latitude,Longitude,Date) values(10.716688, 106.703036, GETDATE())
INSERT INTO PositionEvent(Latitude,Longitude,Date) values(10.716688, 106.703036, GETDATE())
INSERT INTO PositionEvent(Latitude,Longitude,Date) values(10.716688, 106.703036, GETDATE())
INSERT INTO PositionEvent(Latitude,Longitude,Date) values(10.716688, 106.703036, GETDATE())
INSERT INTO PositionEvent(Latitude,Longitude,Date) values(10.716688, 106.703036, GETDATE())
INSERT INTO PositionEvent(Latitude,Longitude,Date) values(10.716688, 106.703036, GETDATE())
INSERT INTO PositionEvent(Latitude,Longitude,Date) values(10.716688, 106.703036, GETDATE())
INSERT INTO PositionEvent(Latitude,Longitude,Date) values(10.716688, 106.703036, GETDATE())
INSERT INTO PositionEvent(Latitude,Longitude,Date) values(10.716688, 106.703036, GETDATE())
INSERT INTO PositionEvent(Latitude,Longitude,Date) values(10.716688, 106.703036, GETDATE())

update PositionEvent
set Date = DATEADD(d, -Id,Date)


UPDATE SEAT
SET SeatCode='DRI'
WHERE Col=0 AND Row =3

UPDATE SEAT
SET Status=1
WHERE SeatCode like 'A%'

  INSERT INTO PaymentMethod(MethodName,LastCreatedDate,LastModifiedDate,IsDeleted)
  VALUES ('VNPAY',GETDATE(),GETDATE(),0)